"child_id","hospital","age_days","sex","spo2","muac_mm","died"
"C81032","H04",524,"F",97,143,0
"C41232","H12",627,"F",95,136,0
"C18384","H02",198,"M",93,145,1
"C42681","H05",502,"F",96,141,0
"C97707","H04",353,"F",99,128,0
"C18371","H11",219,"F",79,138,0
"C82267","H01",1199,"M",90,138,0
"C76106","H04",122,"M",96,131,0
"C11192","H06",816,"M",97,128,0
"C65581","H11",244,"M",95,146,1
"C71708","H07",676,"F",96,159,0
"C15720","H01",122,"M",78,117,1
"C85650","H10",204,"F",99,131,0
"C71000","H02",639,"M",75,144,0
"C77156","H04",1081,"M",72,143,1
"C37119","H06",198,"F",93,126,0
"C33228","H04",758,"F",86,118,0
"C12551","H04",499,"M",99,127,0
"C37400","H07",1522,"F",93,170,0
"C71102","H10",304,"F",94,139,0
"C37552","H11",505,"M",95,149,0
"C30019","H12",259,"M",95,130,0
"C81829","H04",158,"M",95,123,1
"C77060","H10",938,"M",95,124,0
"C83734","H10",234,"M",95,144,0
"C57864","H11",174,"M",93,136,0
"C36813","H12",977,"F",94,143,0
"C80173","H05",1084,"F",94,138,0
"C93953","H07",286,"F",94,134,0
"C52936","H04",788,"M",74,142,0
"C23576","H05",782,"F",96,146,0
"C92326","H02",502,"F",93,158,0
"C13909","H01",642,"M",94,161,0
"C92195","H07",1062,"F",92,138,0
"C32466","H02",174,"M",95,135,1
"C54536","H06",438,"F",95,130,0
"C21572","H03",1285,"M",85,154,0
"C51491","H06",761,"F",95,142,0
"C58450","H05",630,"F",97,149,0
"C96010","H06",1117,"M",85,129,1
"C41885","H10",1324,"F",90,113,0
"C46510","H04",548,"F",97,136,0
"C80325","H01",871,"M",100,137,1
"C78859","H06",295,"F",93,150,0
"C14042","H01",530,"M",94,136,0
"C63244","H01",338,"F",94,141,0
"C37778","H06",502,"M",88,146,0
"C19446","H04",374,"F",95,139,0
"C64315","H04",280,"F",89,129,0
"C57415","H04",438,"M",99,102,0
"C10038","H10",1138,"F",87,139,0
"C36827","H10",88,"F",100,142,0
"C50133","H12",192,"F",95,155,0
"C45736","H07",414,"F",94,129,0
"C89809","H05",350,"F",94,132,0
"C44751","H06",444,"F",95,126,0
"C11552","H04",91,"F",90,135,0
"C75023","H12",262,"M",91,123,0
"C78396","H03",134,"F",94,138,0
"C96641","H12",402,"M",80,134,0
"C30080","H12",697,"F",79,149,0
"C18701","H03",700,"F",96,131,0
"C22057","H12",831,"M",78,112,0
"C20127","H01",368,"M",78,129,0
"C27019","H04",633,"M",76,122,0
"C82708","H01",207,"M",87,130,1
"C51159","H06",1135,"M",96,152,0
"C29457","H06",180,"M",97,113,0
"C45500","H11",846,"F",95,155,0
"C62496","H04",1321,"F",92,140,0
"C97887","H01",691,"F",95,129,1
"C60762","H05",597,"M",84,139,1
"C93840","H04",1017,"F",94,141,0
"C27389","H03",1379,"F",92,136,0
"C54977","H10",1245,"F",92,131,0
"C93351","H04",834,"F",96,137,0
"C47906","H01",776,"F",88,132,0
"C94301","H08",283,"F",98,153,1
"C77039","H02",861,"F",97,136,0
"C95059","H05",195,"M",98,120,0
"C20381","H01",782,"F",96,140,1
"C89617","H11",992,"M",100,136,0
"C55693","H07",277,"M",97,116,1
"C37398","H12",810,"M",92,153,0
"C67327","H05",545,"F",94,140,0
"C45859","H02",1017,"M",89,147,1
"C72932","H04",380,"F",83,149,0
"C55295","H04",801,"F",94,151,0
"C83846","H11",721,"M",82,134,0
"C42443","H11",1123,"F",84,131,0
"C68558","H11",493,"M",97,146,0
"C99600","H02",1409,"F",95,122,0
"C58325","H04",1041,"F",86,161,0
"C43459","H12",904,"F",98,126,0
"C44090","H06",1294,"M",83,134,0
"C30681","H10",709,"M",95,135,0
"C16796","H01",977,"F",87,133,0
"C68771","H10",953,"M",100,151,1
"C42769","H01",332,"M",92,136,0
"C76662","H12",1151,"M",999,152,0
"C64891","H10",706,"F",95,156,0
"C54916","H01",451,"M",86,133,0
"C85204","H06",247,"F",94,133,0
"C81629","H04",1495,"M",91,135,0
"C29967","H05",965,"M",91,136,0
"C35141","H05",119,"M",97,141,0
"C80511","H01",591,"F",86,175,0
"C52823","H12",1461,"F",94,148,0
"C16545","H03",374,"F",96,136,0
"C20027","H12",198,"F",96,137,0
"C47751","H03",484,"M",78,156,0
"C84653","H11",1014,"M",98,136,0
"C14058","H07",304,"M",94,155,0
"C30689","H04",581,"M",94,141,0
"C83739","H04",743,"M",95,137,0
"C29530","H04",1084,"M",97,123,0
"C15790","H05",575,"F",94,140,0
"C45717","H01",326,"F",97,144,0
"C14561","H04",508,"F",85,152,1
"C56204","H04",116,"M",93,136,1
"C92452","H02",268,"F",95,132,1
"C39655","H01",1111,"F",95,157,0
"C63071","H05",1440,"M",75,148,0
"C41909","H03",335,"F",90,140,0
"C88062","H10",587,"M",93,129,0
"C16954","H11",490,"F",98,139,0
"C32872","H06",883,"F",95,134,0
"C16382","H07",877,"M",95,164,0
"C35523","H08",661,"F",95,133,1
"C27234","H06",612,"F",96,147,0
"C16993","H09",1260,"F",94,151,0
"C59248","H08",755,"M",98,114,0
"C75328","H08",237,"F",90,142,0
"C65998","H04",347,"M",97,145,0
"C50004","H11",454,"M",90,152,0
"C79131","H07",1236,"M",74,153,0
"C49284","H03",198,"M",94,147,0
"C50349","H11",1114,"M",93,101,0
"C49364","H08",161,"F",94,133,0
"C53443","H11",752,"F",90,131,0
"C18732","H04",1403,"F",98,141,0
"C25125","H11",524,"M",999,162,0
"C60882","H02",804,"M",95,157,0
"C17018","H04",371,"M",80,148,1
"C72254","H06",1120,"M",90,126,0
"C11498","H11",886,"F",92,132,0
"C73330","H04",1056,"F",96,157,0
"C49408","H05",155,"F",999,134,0
"C59268","H08",1050,"M",97,142,0
"C49609","H01",533,"M",81,127,1
"C13096","H02",1260,"F",93,151,0
"C36933","H03",618,"F",93,168,0
"C73982","H04",454,"F",87,151,0
"C10899","H08",685,"F",999,109,0
"C74855","H06",460,"M",75,120,0
"C32003","H05",502,"F",94,135,0
"C15809","H04",542,"M",96,129,0
"C14973","H02",377,"F",96,142,1
"C31299","H12",356,"M",100,130,0
"C13997","H03",134,"M",93,130,0
"C45860","H11",262,"M",96,171,0
"C27813","H03",1580,"F",96,131,0
"C13545","H07",201,"F",87,127,1
"C32408","H04",813,"M",79,139,1
"C36250","H03",1324,"M",94,143,0
"C76388","H02",314,"F",98,149,0
"C38439","H12",1212,"F",93,127,0
"C17893","H02",983,"F",90,116,0
"C31969","H04",100,"F",96,129,0
"C89889","H12",405,"F",84,131,0
"C66380","H04",651,"F",100,149,0
"C58220","H02",1038,"M",95,139,0
"C63143","H01",968,"M",79,143,0
"C41975","H01",712,"M",93,142,0
"C58120","H12",493,"F",93,135,0
"C41329","H08",1175,"F",95,141,0
"C24783","H12",1437,"F",93,122,0
"C76950","H01",170,"F",85,126,1
"C11042","H04",1142,"M",92,158,0
"C98541","H12",155,"M",89,148,0
"C92863","H05",496,"M",94,138,0
"C80383","H04",247,"F",76,142,0
"C18795","H04",119,"M",92,155,0
"C72099","H08",749,"F",91,137,0
"C80790","H12",219,"F",84,110,0
"C29591","H01",390,"M",91,145,0
"C50642","H04",871,"M",96,159,0
"C26547","H01",858,"M",75,128,0
"C91288","H04",505,"M",82,131,0
"C31867","H12",496,"F",95,140,0
"C85174","H12",1428,"M",94,138,0
"C13964","H10",329,"M",95,144,0
"C86707","H05",1099,"M",86,144,0
"C21245","H12",1644,"F",96,128,0
"C21786","H03",691,"F",83,154,0
"C17145","H01",1071,"M",97,131,0
"C64173","H04",548,"F",96,145,0
"C36054","H05",368,"F",93,152,0
"C89425","H11",807,"F",96,131,1
"C23471","H01",624,"F",75,146,0
"C33819","H04",350,"F",93,147,0
"C22244","H05",959,"M",99,137,0
"C17423","H05",113,"M",95,151,0
"C77006","H10",82,"M",94,154,0
"C29176","H04",651,"F",84,141,0
"C46590","H03",292,"M",94,138,0
"C16851","H12",341,"M",95,142,0
"C88980","H12",776,"F",85,131,0
"C99466","H04",374,"M",74,120,1
"C52658","H07",301,"F",97,122,0
"C77393","H03",569,"M",93,138,0
"C69836","H06",295,"F",99,129,0
"C40978","H04",706,"M",85,154,1
"C93627","H01",575,"M",93,119,1
"C75291","H04",444,"F",81,104,1
"C10466","H04",402,"F",94,126,0
"C47493","H04",1336,"M",73,133,0
"C73713","H04",1227,"M",73,143,0
"C41393","H04",307,"M",92,131,0
"C25791","H02",201,"F",96,137,0
"C74468","H11",1440,"M",97,143,0
"C85461","H07",822,"M",93,122,0
"C89134","H11",466,"M",84,124,0
"C97537","H10",883,"M",74,144,0
"C41856","H04",454,"F",84,136,1
"C13424","H06",283,"M",98,128,0
"C55550","H07",743,"F",999,142,0
"C47461","H12",198,"M",97,127,0
"C56684","H08",183,"M",85,136,1
"C40426","H02",648,"M",94,130,0
"C14841","H12",67,"M",999,144,0
"C53900","H12",414,"F",93,133,0
"C18366","H04",250,"M",91,147,1
"C59729","H04",1364,"F",95,148,0
"C70012","H10",852,"F",94,156,0
"C58052","H08",1081,"F",95,134,0
"C92592","H02",1476,"M",94,135,0
"C57237","H11",569,"M",96,126,0
"C38236","H08",158,"M",95,123,1
"C14966","H01",1062,"F",96,144,0
"C84073","H07",94,"F",97,141,1
"C80712","H12",612,"F",97,128,0
"C91954","H11",384,"M",93,160,0
"C15167","H04",393,"F",96,119,1
"C36820","H04",390,"M",76,130,0
"C16633","H12",88,"M",90,120,0
"C56924","H11",213,"M",94,154,0
"C49662","H12",864,"F",97,145,1
"C61980","H01",731,"F",90,116,0
"C92573","H04",466,"M",78,146,0
"C92310","H01",253,"F",96,146,0
"C63956","H02",103,"M",90,139,0
"C69162","H07",158,"M",90,139,0
"C46680","H08",563,"M",97,139,0
"C61591","H11",329,"F",89,148,0
"C31382","H07",633,"M",100,148,0
"C93875","H12",164,"F",100,157,0
"C75100","H02",167,"F",98,132,0
"C78676","H01",1394,"F",81,135,0
"C25163","H08",329,"M",87,133,1
"C23689","H01",88,"F",98,136,0
"C33060","H08",594,"M",95,154,0
"C25474","H06",1105,"F",96,140,0
"C24318","H08",1011,"M",76,129,1
"C13332","H03",919,"M",94,124,0
"C27513","H07",1345,"F",94,149,0
"C92953","H04",606,"F",80,140,1
"C36915","H08",505,"M",96,138,0
"C63503","H01",776,"F",95,141,0
"C51344","H08",277,"M",93,153,0
"C16807","H10",761,"F",89,129,0
"C12564","H05",396,"F",100,123,0
"C23816","H04",432,"F",90,132,0
"C92973","H11",183,"F",78,144,1
"C41654","H08",904,"M",98,126,0
"C77588","H08",861,"F",95,149,0
"C28126","H12",140,"F",94,145,0
"C59260","H11",874,"M",93,162,0
"C60127","H06",974,"F",75,132,0
"C41280","H06",350,"M",99,121,0
"C77525","H04",1680,"M",94,166,0
"C72113","H11",591,"F",97,137,0
"C75132","H04",648,"F",86,132,1
"C52457","H04",460,"M",82,150,1
"C42802","H11",667,"M",78,137,1
"C75193","H11",271,"F",95,151,0
"C20711","H07",405,"F",94,134,0
"C92150","H01",913,"F",81,134,0
"C63165","H08",953,"M",92,132,0
"C97189","H12",1327,"F",97,140,0
"C12690","H11",1208,"M",93,119,0
"C98207","H11",393,"M",93,135,1
"C59642","H10",280,"F",92,145,0
"C42531","H02",304,"M",94,130,0
"C92752","H07",161,"F",95,150,0
"C10266","H08",676,"M",98,123,1
"C26827","H05",658,"M",96,127,0
"C68924","H01",703,"M",79,124,0
"C61484","H11",676,"M",90,121,0
"C54633","H05",247,"M",81,124,0
"C26740","H08",718,"M",95,148,0
"C49441","H10",198,"M",79,116,0
"C44835","H12",326,"M",97,159,0
"C43874","H02",594,"M",91,139,1
"C10505","H06",183,"M",97,129,0
"C53196","H06",1011,"F",98,122,0
"C14315","H04",609,"M",85,132,0
"C24989","H04",700,"F",89,154,0
"C95000","H10",1065,"M",93,144,1
"C54436","H01",685,"M",94,119,0
"C62026","H07",983,"F",88,109,1
"C37245","H08",231,"M",96,127,0
"C32045","H12",274,"F",98,122,0
"C47933","H03",82,"F",91,150,0
"C60173","H01",466,"F",94,127,0
"C55452","H04",85,"M",97,153,0
"C89462","H03",237,"M",95,133,0
"C14682","H11",521,"M",90,158,0
"C61918","H04",776,"M",99,148,0
"C70960","H06",250,"F",96,143,0
"C48656","H05",1364,"F",97,132,0
"C35732","H05",1166,"F",98,141,0
"C72012","H04",234,"F",76,118,0
"C78266","H01",569,"F",93,154,0
"C85803","H01",423,"M",95,132,0
"C81596","H10",368,"F",98,133,0
"C80447","H04",170,"F",83,143,0
"C82159","H06",801,"M",84,152,0
"C31897","H01",1492,"M",97,140,0
"C50799","H03",855,"M",80,134,0
"C63842","H03",1257,"F",95,130,0
"C15247","H10",1507,"F",90,140,0
"C59892","H01",1303,"F",98,129,0
"C14745","H03",703,"F",92,141,0
"C13290","H11",728,"F",95,142,1
"C14489","H01",542,"F",96,144,0
"C39088","H03",350,"M",99,142,0
"C31169","H04",886,"M",86,141,0
"C65215","H11",228,"M",97,147,0
"C10971","H01",798,"M",98,143,0
"C87807","H02",877,"F",93,161,0
"C79469","H01",785,"M",95,123,0
"C96028","H07",310,"M",88,133,1
"C39142","H05",910,"M",79,123,0
"C49446","H06",706,"M",73,150,0
"C75956","H04",487,"M",93,130,0
"C67717","H03",1272,"M",97,133,0
"C24604","H11",1068,"M",98,147,0
"C34738","H08",457,"F",93,135,0
"C52832","H11",323,"M",91,134,1
"C53622","H02",752,"F",93,138,0
"C83404","H04",819,"F",93,116,0
"C39098","H04",1038,"M",99,111,0
"C75790","H07",186,"F",81,126,0
"C82807","H01",189,"F",93,131,0
"C92510","H12",250,"M",93,144,0
"C20581","H07",688,"F",73,151,0
"C31965","H02",463,"M",97,137,0
"C80347","H06",490,"M",83,153,0
"C75456","H04",411,"M",95,130,0
"C27174","H04",658,"F",78,122,1
"C56518","H04",253,"M",78,151,1
"C60361","H10",177,"M",92,135,0
"C61272","H07",481,"M",75,139,0
"C17005","H07",225,"F",82,135,1
"C24625","H12",1516,"F",97,143,0
"C12188","H07",307,"F",96,112,1
"C30183","H05",1239,"F",98,146,0
"C18835","H01",475,"M",999,128,0
"C10895","H04",947,"M",77,132,0
"C89089","H11",874,"F",75,140,0
"C74503","H01",840,"M",91,143,0
"C23264","H04",977,"F",96,155,0
"C69634","H07",1038,"F",98,120,0
"C76343","H04",597,"M",72,126,1
"C72311","H06",794,"M",94,125,0
"C80136","H04",1339,"M",83,150,0
"C81733","H01",280,"F",93,146,0
"C43635","H12",463,"M",86,165,0
"C95743","H05",490,"M",94,106,0
"C48077","H12",237,"F",79,152,0
"C24289","H08",679,"F",98,156,0
"C73380","H04",1105,"F",92,128,0
"C71382","H11",813,"F",73,129,0
"C10818","H01",128,"M",75,142,0
"C86791","H12",578,"F",100,146,1
"C28668","H12",113,"F",95,154,0
"C44363","H12",627,"F",92,151,0
"C62946","H03",974,"F",95,144,0
"C94788","H03",140,"M",88,145,0
"C91161","H05",539,"M",999,134,0
"C50449","H08",307,"F",94,118,1
"C16541","H12",527,"F",79,149,0
"C53448","H04",514,"F",78,143,0
"C37525","H04",794,"M",93,148,0
"C29731","H05",277,"M",94,161,0
"C56346","H04",1364,"F",999,136,0
"C89067","H04",514,"F",96,122,0
"C88153","H11",521,"F",97,157,0
"C65570","H01",286,"F",93,144,0
"C94981","H01",228,"M",78,142,0
"C57108","H10",779,"M",96,132,0
"C49002","H01",225,"M",97,148,0
"C52686","H08",365,"F",999,140,0
"C94393","H02",192,"M",95,148,0
"C74552","H12",469,"F",95,117,0
"C16036","H01",344,"M",95,147,0
"C11661","H09",140,"F",95,157,1
"C94367","H04",1157,"F",95,123,0
"C51944","H04",591,"F",94,123,0
"C96779","H04",423,"M",95,139,0
"C18758","H08",1501,"M",100,139,0
"C44970","H12",584,"F",83,137,0
"C56773","H04",274,"F",86,145,0
"C71591","H07",192,"F",74,128,1
"C61120","H04",219,"M",94,152,0
"C67709","H12",1519,"F",96,161,0
"C25379","H08",244,"M",92,155,1
"C31020","H05",1087,"F",79,153,0
"C69501","H07",527,"M",94,136,0
"C78645","H11",968,"M",80,131,0
"C20750","H12",70,"M",75,147,0
"C35457","H04",259,"M",95,143,0
"C48113","H06",207,"F",76,146,0
"C49498","H10",1327,"F",96,142,0
"C45890","H12",79,"F",97,145,0
"C53791","H04",1059,"F",85,142,0
"C91071","H01",390,"M",98,133,0
"C62695","H04",767,"F",85,127,0
"C38995","H04",941,"M",94,130,0
"C74858","H11",222,"M",78,127,0
"C13619","H11",490,"M",999,126,0
"C90370","H05",642,"M",81,172,0
"C39697","H08",594,"M",77,136,0
"C37934","H06",463,"M",94,141,0
"C79185","H01",794,"M",95,137,0
"C98705","H10",1422,"M",93,153,0
"C83983","H04",962,"F",72,130,1
"C24862","H04",502,"M",999,130,1
"C16981","H07",667,"F",98,151,0
"C64561","H04",1084,"M",87,127,0
"C90342","H12",831,"F",96,139,1
"C96839","H11",679,"M",93,147,0
"C15438","H07",180,"F",94,132,0
"C77862","H04",791,"M",95,150,0
"C23637","H01",216,"M",97,136,0
"C63075","H10",1479,"F",77,137,0
"C19979","H08",347,"F",77,134,0
"C61853","H04",947,"F",100,157,0
"C94978","H11",1181,"M",96,149,0
"C96915","H04",429,"M",95,119,0
"C11587","H04",791,"M",80,126,1
"C61054","H04",493,"M",98,131,0
"C91811","H01",1154,"M",90,136,0
"C60180","H01",240,"M",92,135,0
"C23271","H11",533,"M",99,152,0
"C10373","H12",463,"F",86,142,0
"C24203","H06",1157,"M",98,151,0
"C13685","H08",262,"F",88,126,0
"C98347","H04",380,"M",100,136,0
"C11019","H04",377,"M",94,117,0
"C50565","H08",880,"M",80,158,1
"C21448","H12",460,"F",92,146,0
"C93033","H04",67,"F",78,151,0
"C13237","H08",612,"M",90,118,0
"C92328","H11",925,"M",999,152,0
"C70463","H08",569,"M",83,130,0
"C18922","H11",259,"F",97,132,1
"C12923","H11",801,"F",99,143,0
"C73281","H07",941,"F",78,156,0
"C87290","H05",1519,"F",93,131,0
"C87045","H07",1364,"M",81,144,0
"C47628","H08",1163,"F",96,153,1
"C83150","H04",292,"M",999,127,0
"C96252","H10",770,"M",94,132,0
"C58501","H07",201,"F",93,117,0
"C95572","H04",603,"M",80,144,0
"C37946","H04",871,"F",95,134,0
"C31283","H12",365,"M",93,141,0
"C55878","H04",563,"M",79,150,0
"C78326","H12",174,"F",94,146,0
"C79337","H04",393,"F",93,125,0
"C33109","H01",344,"M",94,128,0
"C45119","H12",140,"F",92,120,0
"C46226","H12",466,"F",90,134,0
"C87710","H01",877,"M",97,159,0
"C82509","H12",524,"F",99,139,0
"C66364","H05",91,"M",96,141,0
"C95218","H12",201,"F",98,168,0
"C75744","H01",895,"M",92,138,0
"C43973","H07",874,"F",79,155,0
"C39054","H08",390,"F",79,151,1
"C29595","H02",685,"F",98,136,0
"C16356","H08",514,"F",97,120,0
"C17147","H10",1236,"F",80,157,0
"C61343","H04",1251,"M",999,135,0
"C25030","H12",478,"M",77,134,1
"C59544","H12",1114,"F",94,153,0
"C18504","H11",612,"M",76,126,0
"C24252","H02",213,"M",96,143,0
"C28721","H04",97,"M",94,131,0
"C75235","H01",472,"F",97,140,0
"C92153","H04",521,"M",100,163,0
"C68885","H08",1111,"M",96,136,1
"C88916","H01",237,"M",96,123,0
"C23145","H08",280,"M",96,125,0
"C38364","H12",195,"M",95,133,0
"C78925","H11",664,"F",80,121,0
"C97691","H01",791,"F",92,134,0
"C50302","H04",91,"M",97,139,0
"C83950","H04",131,"M",100,156,0
"C53852","H01",548,"F",96,162,0
"C12245","H07",910,"F",92,146,0
"C70994","H05",935,"F",97,144,0
"C61697","H04",1008,"M",95,150,0
"C49049","H06",801,"M",94,151,0
"C56282","H12",380,"F",94,156,0
"C28576","H03",621,"M",95,140,0
"C60323","H01",679,"F",84,131,0
"C46918","H12",1257,"M",72,147,0
"C29853","H01",143,"F",98,115,1
"C57631","H08",146,"F",86,157,1
"C88213","H01",962,"M",93,159,0
"C92232","H11",1023,"F",96,140,0
"C53210","H12",761,"M",92,146,0
"C81837","H07",1026,"M",78,141,0
"C12555","H05",350,"M",92,124,0
"C65659","H06",740,"M",93,149,0
"C12638","H12",137,"M",96,126,0
"C26928","H12",767,"F",92,148,0
"C63283","H08",247,"F",97,154,0
"C16995","H11",1154,"M",98,136,0
"C67488","H01",718,"F",94,128,0
"C91162","H12",222,"M",73,164,0
"C45313","H02",791,"M",95,156,0
"C90108","H04",234,"M",98,160,0
"C55470","H01",636,"M",95,140,0
"C85430","H04",371,"F",97,129,0
"C58975","H01",1160,"M",73,150,0
"C90858","H02",1446,"M",76,151,0
"C65371","H01",594,"F",81,134,0
"C43717","H12",514,"M",98,136,0
"C27656","H04",225,"F",97,153,0
"C38033","H04",782,"M",999,142,0
"C26064","H04",317,"F",85,124,1
"C66896","H04",307,"M",94,127,0
"C96625","H04",222,"M",76,129,0
"C40821","H04",405,"M",95,154,0
"C33288","H08",1087,"M",96,151,0
"C31620","H12",542,"F",98,144,0
"C72948","H12",898,"F",75,137,0
"C20756","H04",664,"M",76,113,0
"C22962","H01",493,"M",95,147,0
"C43182","H01",746,"F",81,141,0
"C65566","H04",402,"M",93,141,1
"C75503","H06",487,"M",77,163,0
"C55394","H11",447,"M",98,124,0
"C84126","H01",1285,"F",75,143,0
"C57157","H12",1041,"M",91,129,0
"C70477","H12",874,"F",95,148,0
"C40276","H04",563,"F",80,164,0
"C77476","H01",216,"M",94,138,0
"C57033","H09",788,"F",99,138,0
"C71228","H08",667,"M",100,162,0
"C31972","H10",426,"M",99,139,0
"C74322","H12",712,"F",94,145,0
"C41925","H05",852,"F",93,118,0
"C35351","H04",685,"M",93,141,0
"C39268","H07",438,"F",97,132,0
"C27461","H05",1059,"F",73,156,0
"C11826","H01",633,"F",73,135,1
"C13179","H04",253,"M",999,122,1
"C38566","H10",1376,"F",79,147,0
"C22916","H10",116,"F",79,140,0
"C82236","H04",125,"F",72,140,1
"C44171","H12",314,"F",92,144,0
"C90118","H02",569,"M",73,136,0
"C61486","H01",658,"F",78,133,0
"C60712","H12",1163,"M",95,139,1
"C58035","H01",207,"M",88,125,0
"C95779","H04",1175,"M",96,157,0
"C90153","H08",603,"F",96,154,0
"C66791","H07",1062,"M",86,121,1
"C49805","H12",329,"M",95,115,0
"C88199","H04",965,"F",91,150,0
"C76506","H12",481,"F",96,121,0
"C82029","H12",998,"F",96,163,0
"C36980","H08",871,"F",78,158,0
"C79151","H01",816,"F",96,145,0
"C23530","H08",411,"M",97,127,0
"C15953","H04",1102,"F",95,153,1
"C54814","H06",606,"M",95,135,0
"C56305","H04",460,"F",999,136,0
"C99646","H02",438,"M",96,141,0
"C12244","H12",974,"F",95,125,0
"C55664","H10",207,"M",87,135,0
"C74076","H07",648,"F",98,137,0
"C93799","H11",341,"F",91,139,0
"C22726","H04",572,"M",96,133,0
"C69650","H07",1126,"F",86,151,1
"C59410","H09",441,"F",95,141,0
"C70048","H05",1221,"M",97,158,0
"C71533","H04",271,"F",99,141,0
"C88845","H04",898,"M",87,136,0
"C86950","H11",94,"M",87,131,0
"C32948","H04",164,"F",92,146,0
"C82915","H04",606,"M",85,148,0
"C53766","H04",624,"F",95,146,0
"C56738","H01",703,"M",80,130,0
"C58731","H04",253,"M",92,139,0
"C87367","H12",1251,"F",74,148,0
"C25662","H12",542,"F",96,134,0
"C91595","H10",484,"F",95,135,0
"C91192","H04",183,"F",95,146,1
"C42232","H08",219,"M",94,141,0
"C64321","H04",411,"F",82,143,1
"C92489","H08",164,"M",98,128,0
"C38613","H03",1035,"M",95,130,0
"C89728","H06",1428,"F",999,117,0
"C69994","H11",639,"M",91,132,0
"C18954","H06",1376,"F",94,135,0
"C72804","H04",697,"F",92,141,0
"C36776","H10",237,"M",75,130,0
"C47732","H08",143,"M",96,145,0
"C80700","H11",688,"M",97,138,0
"C80407","H04",338,"F",96,148,0
"C46638","H04",709,"F",94,125,0
"C37657","H04",1321,"M",96,151,0
"C36033","H01",426,"F",79,135,0
"C28636","H01",1342,"M",999,122,0
"C21580","H11",198,"F",97,139,0
"C39651","H04",670,"M",96,150,0
"C56599","H11",100,"F",95,125,0
"C16507","H01",280,"M",97,131,1
"C36177","H03",307,"M",100,127,0
"C48304","H07",1230,"F",77,148,0
"C61554","H02",971,"M",96,134,0
"C86562","H04",609,"F",76,141,0
"C15652","H04",746,"F",74,130,1
"C87514","H01",411,"F",90,144,0
"C45237","H04",837,"F",95,124,0
"C45058","H04",825,"F",96,131,0
"C53072","H10",1175,"F",97,136,0
"C34885","H04",70,"M",74,141,0
"C21706","H10",1190,"M",85,150,0
"C80756","H03",718,"M",96,125,0
"C52766","H04",460,"M",96,172,0
"C51456","H08",1044,"M",73,131,0
"C73774","H08",310,"F",90,125,0
"C95799","H08",475,"F",96,136,1
"C28945","H01",94,"F",99,123,0
"C27248","H04",97,"F",90,139,0
"C93721","H03",1026,"F",90,144,0
"C46838","H04",183,"F",92,126,0
"C95308","H01",119,"M",100,141,0
"C38310","H10",1193,"M",98,137,0
"C39011","H01",773,"M",86,148,0
"C18938","H04",785,"M",82,137,0
"C22404","H01",864,"M",96,119,0
"C52279","H01",986,"M",96,136,0
"C96534","H05",380,"F",999,109,0
"C54469","H01",380,"F",94,129,0
"C93984","H11",801,"M",95,149,0
"C60628","H04",813,"F",94,154,0
"C83629","H12",79,"M",80,146,0
"C56361","H04",155,"F",92,138,0
"C26815","H10",807,"M",93,129,0
"C62992","H04",706,"F",81,150,0
"C91823","H05",100,"F",100,120,0
"C83542","H11",402,"M",94,144,0
"C61682","H12",977,"M",97,136,0
"C38708","H06",928,"F",92,126,0
"C19605","H08",633,"F",75,151,0
"C30978","H01",630,"F",97,143,0
"C46145","H10",947,"F",90,142,0
"C89716","H01",1464,"F",95,136,0
"C58357","H11",405,"M",100,129,0
"C64946","H01",94,"M",94,140,0
"C56785","H08",1300,"M",84,116,0
"C89430","H07",667,"M",95,136,0
"C27996","H01",746,"F",95,119,0
"C12408","H06",658,"M",94,147,0
"C56903","H04",694,"M",99,136,0
"C46791","H01",1361,"F",95,139,0
"C42692","H10",1236,"F",96,128,0
"C39861","H01",411,"F",97,135,0
"C44853","H08",371,"M",98,121,1
"C15103","H04",222,"M",92,150,0
"C10537","H07",767,"F",94,134,0
"C73339","H02",1592,"F",75,132,0
"C24582","H11",228,"M",90,130,0
"C49797","H04",1126,"F",93,137,0
"C74986","H11",237,"F",94,143,0
"C39901","H11",134,"M",95,124,0
"C27727","H08",728,"F",77,147,0
"C25922","H08",801,"M",96,127,0
"C87553","H08",1081,"M",92,156,0
"C80280","H11",113,"M",96,130,1
"C29637","H08",481,"M",79,118,0
"C88252","H01",864,"M",93,121,1
"C20651","H12",256,"F",93,129,0
"C26310","H08",1126,"M",88,147,0
"C24986","H12",1437,"M",92,124,0
"C11099","H05",335,"F",96,154,0
"C94816","H08",292,"M",88,128,1
"C74620","H06",441,"M",92,151,0
"C79577","H04",782,"M",80,123,1
"C85962","H12",116,"M",95,119,0
"C64755","H04",478,"M",96,125,0
"C56562","H02",986,"M",999,145,0
"C18719","H05",414,"M",93,125,0
"C48673","H02",642,"F",96,143,0
"C37124","H01",1102,"F",92,135,0
"C61506","H03",240,"M",95,138,1
"C52641","H04",728,"F",92,151,0
"C34752","H11",1312,"M",100,123,0
"C74100","H04",670,"M",92,136,0
"C64618","H01",1254,"F",97,129,0
"C28326","H01",700,"M",100,148,0
"C78462","H02",1455,"M",97,136,0
"C59876","H12",819,"M",93,138,0
"C86811","H01",247,"M",95,149,0
"C53216","H11",341,"M",82,142,0
"C18141","H01",676,"F",91,162,0
"C55291","H11",1178,"F",77,129,0
"C65821","H05",1355,"M",81,126,0
"C46366","H01",1419,"M",94,145,0
"C19183","H12",685,"M",93,131,0
"C32680","H11",995,"M",97,132,0
"C66036","H07",1476,"M",77,131,0
"C61963","H12",1333,"M",82,141,0
"C49175","H01",402,"F",97,140,1
"C52667","H04",639,"M",97,135,0
"C38590","H04",861,"M",95,139,0
"C37352","H04",636,"F",93,141,0
"C84547","H05",1342,"F",96,126,0
"C50916","H10",837,"F",73,115,0
"C43693","H07",983,"M",98,143,0
"C22880","H07",1583,"M",81,155,1
"C84006","H08",253,"M",92,118,0
"C15605","H06",709,"F",93,110,0
"C79787","H04",612,"M",93,131,0
"C57325","H08",231,"F",89,132,0
"C73967","H04",877,"M",95,130,0
"C91832","H04",362,"F",73,123,0
"C19544","H12",734,"M",95,134,0
"C96113","H04",1132,"F",73,143,0
"C50767","H05",770,"F",97,150,0
"C61481","H08",280,"F",95,124,0
"C97417","H01",125,"F",74,118,0
"C32823","H10",268,"M",89,124,1
"C50514","H01",1248,"F",94,151,0
"C95751","H12",73,"M",86,130,0
"C63608","H05",283,"F",97,137,0
"C85236","H06",259,"F",91,135,0
"C96280","H06",916,"M",95,132,0
"C79548","H04",1282,"F",999,142,0
"C61143","H12",103,"M",99,140,1
"C30962","H11",380,"F",96,140,0
"C18100","H05",478,"M",93,134,0
"C98181","H07",822,"M",91,132,0
"C11786","H06",128,"M",85,135,1
"C72620","H03",1309,"M",93,114,0
"C81238","H12",167,"F",94,147,1
"C76073","H05",253,"F",99,144,0
"C70496","H12",1093,"F",99,104,1
"C66391","H05",167,"F",85,149,0
"C80015","H04",469,"F",88,130,0
"C20168","H10",1090,"F",94,136,0
"C37121","H01",1434,"F",98,153,0
"C19324","H05",441,"M",84,142,0
"C16578","H12",365,"F",95,129,0
"C70634","H04",548,"M",74,139,0
"C13222","H08",1245,"M",81,150,1
"C64348","H08",877,"F",96,145,0
"C74868","H12",286,"F",97,141,0
"C56615","H04",353,"M",100,127,0
"C65600","H11",1342,"F",95,140,0
"C90556","H04",1050,"M",83,127,0
"C10848","H01",1428,"M",94,145,0
"C53098","H01",396,"F",81,142,0
"C30375","H01",338,"F",97,166,0
"C85921","H03",974,"F",77,140,0
"C57971","H03",280,"M",97,153,0
"C83117","H03",384,"M",79,141,0
"C72675","H12",1078,"M",91,125,0
"C20757","H07",709,"M",94,118,0
"C69364","H04",1397,"F",95,137,0
"C45802","H02",1163,"M",95,145,0
"C12170","H04",167,"M",96,143,0
"C80469","H10",597,"M",93,128,0
"C99806","H04",636,"M",87,138,0
"C71391","H07",365,"M",93,129,0
"C30484","H02",1169,"F",97,140,0
"C88163","H12",335,"M",97,119,0
"C68399","H11",198,"F",88,110,1
"C72998","H06",1044,"F",81,139,0
"C98666","H10",320,"F",90,150,0
"C34302","H04",472,"F",87,121,0
"C17205","H07",1044,"F",97,130,0
"C48245","H05",189,"F",78,117,0
"C79587","H12",320,"F",97,148,0
"C77654","H04",828,"M",88,141,0
"C39320","H12",731,"F",85,134,0
"C32677","H12",371,"M",98,141,0
"C51171","H11",265,"M",100,153,0
"C93879","H03",992,"M",93,155,0
"C68313","H08",417,"F",93,138,1
"C11410","H11",423,"M",98,138,0
"C82973","H07",298,"M",999,142,0
"C70057","H01",697,"F",89,141,0
"C95497","H10",310,"M",99,139,0
"C30849","H06",265,"M",93,138,0
"C76534","H03",1138,"F",98,143,0
"C82871","H03",554,"M",79,118,1
"C20796","H12",782,"F",92,135,0
"C54895","H10",566,"M",77,136,0
"C27038","H05",1062,"F",86,130,0
"C33664","H08",1425,"M",97,130,0
"C79809","H01",329,"M",93,134,0
"C46098","H01",234,"M",92,149,0
"C60671","H01",998,"M",96,117,0
"C11670","H04",420,"M",98,119,0
"C48748","H12",989,"M",97,138,0
"C13616","H11",974,"F",99,146,0
"C21628","H04",1208,"M",91,150,0
"C36322","H03",737,"F",93,134,0
"C23548","H07",810,"M",89,133,0
"C46437","H03",645,"M",94,155,0
"C25233","H04",280,"F",96,122,1
"C58573","H06",813,"F",94,130,0
"C21899","H08",612,"M",94,136,0
"C73818","H08",231,"M",97,140,0
"C13597","H06",73,"F",93,131,0
"C67866","H04",822,"M",90,140,0
"C19009","H02",487,"F",97,146,0
"C33452","H12",816,"M",93,134,0
"C68757","H08",484,"F",91,127,0
"C18098","H11",244,"M",95,138,0
"C55392","H07",1285,"M",95,136,0
"C53757","H04",469,"F",97,129,0
"C83823","H04",192,"M",80,163,0
"C10327","H05",262,"M",97,142,0
"C57176","H01",959,"F",86,135,0
"C81235","H12",968,"M",89,145,0
"C14598","H11",225,"M",96,153,0
"C99517","H08",451,"M",99,118,0
"C90834","H04",527,"F",94,118,0
"C55500","H04",1126,"F",95,124,0
"C71216","H01",1148,"M",73,129,0
"C33319","H11",557,"F",92,154,0
"C15601","H04",511,"M",97,142,0
"C37447","H01",514,"F",85,145,0
"C55654","H04",697,"M",93,134,0
"C15407","H04",1032,"F",96,135,0
"C24813","H12",706,"F",76,137,0
"C56030","H10",469,"F",96,151,0
"C28851","H01",1047,"M",98,132,0
"C49992","H07",310,"F",96,136,0
"C82775","H03",417,"F",79,147,0
"C18743","H07",1202,"F",94,141,0
"C51486","H03",603,"F",96,128,0
"C86139","H12",642,"M",77,150,0
"C39810","H11",661,"F",93,157,0
"C71155","H06",1035,"M",84,134,0
"C73614","H04",469,"F",94,149,0
"C66585","H04",782,"M",97,123,0
"C98057","H01",822,"M",74,159,0
"C47945","H11",411,"F",98,125,0
"C65718","H08",295,"F",97,130,0
"C59147","H10",493,"F",93,131,0
"C77365","H04",107,"M",78,159,1
"C69485","H11",155,"F",95,148,0
"C24488","H11",986,"M",96,144,0
"C12370","H04",1583,"M",74,124,0
"C45334","H04",167,"M",87,130,1
"C86027","H04",286,"M",90,146,0
"C14555","H04",1065,"F",96,139,0
"C72889","H04",1224,"F",96,117,0
"C85721","H01",1708,"F",77,154,0
"C72550","H03",451,"F",97,128,0
"C66284","H03",1026,"F",84,144,0
"C64571","H04",280,"M",95,112,0
"C25498","H11",460,"M",72,132,1
"C59086","H07",502,"M",93,134,0
"C30711","H06",213,"M",95,129,0
"C11138","H05",935,"M",96,156,0
"C87117","H12",706,"M",92,151,0
"C59329","H01",947,"F",76,148,0
"C19311","H04",447,"F",86,150,0
"C42289","H01",1071,"M",99,96,0
"C58592","H04",1671,"M",96,138,0
"C38855","H03",271,"M",92,137,0
"C82084","H11",947,"M",94,138,0
"C83285","H08",566,"F",95,143,0
"C55278","H07",508,"F",94,146,0
"C36752","H02",554,"F",92,134,0
"C51188","H07",521,"M",79,151,0
"C44810","H04",478,"F",93,126,0
"C64789","H11",1166,"F",93,146,0
"C34507","H05",1160,"F",95,140,0
"C11735","H07",1151,"M",86,138,0
"C48368","H02",950,"M",86,138,0
"C54684","H02",566,"M",94,137,0
"C26257","H05",107,"F",77,146,0
"C13820","H01",1138,"M",93,169,0
"C89497","H04",767,"F",74,153,0
"C69324","H09",581,"M",91,155,1
"C44726","H04",953,"F",76,138,0
"C34914","H01",758,"M",95,132,0
"C98782","H04",679,"M",81,125,1
"C98315","H06",886,"F",94,157,0
"C92292","H12",548,"F",95,138,0
"C55446","H04",435,"M",94,141,1
"C84471","H08",950,"M",96,151,0
"C52556","H03",566,"F",95,133,0
"C82647","H04",524,"F",91,134,0
"C29700","H08",460,"M",82,158,0
"C99607","H04",621,"F",94,122,0
"C26333","H04",685,"M",83,121,0
"C79715","H12",310,"M",86,162,1
"C27303","H03",356,"F",97,147,0
"C88989","H12",1285,"F",97,143,0
"C51235","H01",186,"F",84,146,1
"C84720","H04",447,"M",99,134,0
"C45705","H01",1327,"M",96,150,0
"C24620","H04",758,"F",85,132,1
"C86428","H10",356,"M",98,132,0
"C48184","H01",73,"M",77,115,1
"C43184","H11",380,"F",100,147,0
"C76348","H08",953,"F",85,144,0
"C61989","H04",73,"F",93,137,0
"C29848","H01",673,"M",97,119,0
"C55443","H05",901,"F",94,119,0
"C94071","H11",365,"M",999,131,0
"C21643","H04",709,"F",99,134,0
"C70334","H02",1175,"F",95,153,0
"C59697","H10",527,"M",93,139,0
"C80146","H04",295,"M",92,161,0
"C67896","H10",871,"F",93,124,0
"C10916","H07",1071,"F",99,132,0
"C89522","H04",82,"M",98,143,0
"C48347","H12",457,"M",98,142,0
"C34927","H10",359,"F",94,158,1
"C31196","H11",533,"M",82,149,0
"C56716","H06",107,"F",80,141,0
"C40655","H04",813,"M",999,132,0
"C45738","H05",107,"F",95,139,0
"C81984","H06",1260,"M",93,144,0
"C95217","H06",177,"M",86,138,0
"C90902","H11",1419,"F",90,132,0
"C88249","H12",88,"F",87,152,0
"C94431","H06",1458,"M",79,140,0
"C45025","H12",624,"M",91,147,0
"C72637","H12",1263,"F",95,145,0
"C19031","H04",1565,"M",89,125,0
"C41956","H04",387,"M",90,145,0
"C82200","H08",1324,"M",93,140,0
"C99404","H08",107,"F",95,164,0
"C10852","H11",466,"M",90,138,0
"C66842","H12",566,"F",93,125,1
"C71794","H07",463,"F",82,148,0
"C10850","H04",615,"M",94,147,0
"C26567","H05",843,"M",90,131,0
"C62480","H08",152,"M",88,133,0
"C15436","H12",146,"F",98,138,0
"C50125","H11",152,"M",96,152,0
"C83684","H10",1087,"M",94,120,0
"C83929","H01",1242,"F",85,144,0
"C76457","H04",935,"F",95,139,0
"C27441","H05",320,"M",95,131,0
"C61178","H06",508,"M",95,126,0
"C34646","H10",332,"F",92,125,0
"C53686","H04",475,"M",96,148,0
"C40782","H08",1522,"F",94,160,0
"C57029","H12",517,"M",96,146,0
"C21830","H12",377,"F",94,138,0
"C56925","H04",423,"F",76,159,0
"C84164","H04",371,"F",95,157,1
"C29075","H10",676,"M",97,131,0
"C43653","H04",1184,"M",95,121,0
"C26557","H01",615,"M",96,149,0
"C17567","H01",122,"M",95,147,0
"C85678","H12",444,"M",92,129,0
"C32755","H12",435,"F",91,134,0
"C19169","H01",387,"F",86,113,0
"C25463","H04",724,"M",82,117,1
"C80622","H02",1029,"F",94,162,0
"C83509","H04",183,"M",92,136,0
"C61119","H04",603,"M",93,142,0
"C32064","H04",207,"F",95,142,0
"C72452","H04",734,"M",95,155,0
"C51317","H11",1434,"M",999,150,0
"C78971","H04",1260,"F",80,141,0
"C49604","H12",1248,"M",93,122,0
"C56014","H04",1397,"M",85,156,0
"C60528","H01",1546,"F",94,147,0
"C55826","H12",715,"M",92,131,0
"C45096","H10",469,"M",77,126,0
"C89406","H10",810,"M",93,131,0
"C11302","H12",511,"F",96,140,0
"C82456","H05",791,"M",76,134,0
"C87997","H12",347,"F",96,132,0
"C60836","H06",892,"F",99,149,0
"C41666","H12",609,"M",96,141,0
"C55595","H07",530,"M",95,142,0
"C60841","H05",460,"M",93,126,0
"C54480","H11",840,"F",100,120,0
"C73022","H10",597,"F",97,140,1
"C44272","H04",128,"M",91,157,0
"C83896","H06",1348,"F",81,146,0
"C91563","H10",767,"F",95,138,0
"C30177","H11",116,"M",97,123,0
"C54999","H04",1345,"M",89,139,1
"C99714","H03",262,"M",90,126,0
"C16499","H05",350,"F",95,150,0
"C90724","H04",941,"F",93,134,0
"C78252","H07",597,"M",95,140,0
"C81913","H04",664,"M",81,164,1
"C73127","H11",1519,"M",92,136,0
"C93798","H11",1148,"M",95,128,0
"C23996","H01",514,"F",94,130,0
"C75828","H12",161,"M",96,120,0
"C13512","H04",97,"M",100,138,0
"C79973","H10",174,"M",88,146,0
"C18200","H10",368,"M",88,132,0
"C58722","H11",670,"M",90,134,0
"C15792","H04",919,"F",94,127,0
"C96537","H05",715,"F",96,143,0
"C77814","H11",563,"F",96,147,0
"C82568","H05",962,"F",76,140,0
"C79097","H04",724,"M",86,123,1
"C88832","H06",301,"F",98,148,0
"C31272","H07",731,"M",999,120,0
"C94290","H04",1084,"F",85,140,0
"C75654","H06",508,"F",93,146,0
"C40243","H01",481,"M",999,141,0
"C93173","H12",387,"F",98,137,0
"C78239","H04",1549,"M",73,137,0
"C34295","H01",773,"M",94,149,0
"C20862","H07",207,"M",999,111,1
"C36148","H02",664,"F",96,103,0
"C73783","H02",989,"M",92,126,0
"C73309","H11",959,"F",96,148,0
"C78297","H04",286,"M",81,142,1
"C66764","H12",100,"M",93,128,0
"C60954","H12",100,"M",98,139,0
"C36576","H05",441,"F",93,135,0
"C39510","H04",484,"M",73,122,0
"C17815","H04",664,"M",94,148,0
"C77485","H03",1215,"M",96,134,0
"C90669","H05",773,"M",97,140,0
"C49121","H04",901,"M",97,159,0
"C39775","H01",606,"M",78,133,0
"C79111","H07",490,"F",79,135,0
"C85965","H12",432,"M",97,146,0
"C71311","H12",691,"F",95,129,0
"C64374","H10",636,"M",93,135,1
"C45330","H07",222,"M",93,149,0
"C71200","H11",1029,"M",96,142,0
"C43484","H10",517,"M",77,155,0
"C87481","H05",654,"F",95,147,0
"C69818","H05",718,"M",100,108,1
"C33725","H02",350,"M",79,138,0
"C19884","H04",268,"F",75,154,1
"C38861","H04",103,"M",80,136,0
"C39947","H11",402,"M",999,137,0
"C97439","H08",411,"M",94,137,0
"C32016","H11",1501,"F",98,135,0
"C27463","H01",861,"F",94,130,1
"C67474","H04",1202,"F",98,135,0
"C74328","H07",158,"F",91,138,0
"C23589","H04",283,"F",84,142,1
"C16489","H05",1300,"F",86,158,0
"C68350","H01",651,"F",95,118,0
"C87531","H01",237,"M",77,129,1
"C80214","H04",213,"M",98,131,0
"C21466","H04",228,"M",99,120,0
"C24064","H03",731,"M",87,143,0
"C41495","H12",414,"M",94,146,0
"C41609","H12",1023,"M",94,125,0
"C36076","H05",1291,"M",96,154,0
"C65495","H01",207,"F",97,130,0
"C78386","H12",591,"F",86,142,0
"C24623","H05",880,"M",97,126,0
"C72242","H07",356,"M",94,135,0
"C53185","H06",310,"M",92,115,0
"C21070","H12",186,"F",98,131,0
"C38845","H10",779,"M",97,150,0
"C48608","H06",676,"M",89,137,0
"C67462","H03",210,"M",93,141,0
"C83271","H03",804,"F",94,137,0
"C74934","H07",143,"M",92,125,0
"C17959","H07",785,"M",86,147,0
"C40563","H12",88,"F",96,135,0
"C44424","H08",1555,"M",97,133,0
"C49649","H01",192,"F",94,136,0
"C29800","H06",670,"F",100,137,0
"C18753","H01",514,"M",99,150,0
"C83671","H06",262,"M",77,160,0
"C59519","H01",548,"F",80,150,1
"C98223","H08",743,"F",97,136,0
"C65092","H04",1090,"M",80,126,1
"C29354","H12",554,"M",95,132,0
"C29549","H05",107,"M",100,136,0
"C60888","H12",737,"M",100,156,0
"C46450","H06",676,"F",96,128,0
"C22428","H03",478,"M",94,164,0
"C55725","H01",146,"F",99,141,0
"C33738","H08",688,"F",95,144,0
"C75325","H01",749,"F",100,129,0
"C61532","H01",740,"M",77,133,0
"C59420","H08",1056,"F",96,129,1
"C78138","H02",234,"M",95,127,0
"C19285","H10",1212,"M",97,143,0
"C56863","H11",1236,"F",74,151,0
"C51957","H01",1376,"F",93,127,0
"C45689","H05",913,"M",92,149,0
"C93130","H12",703,"M",999,141,0
"C70052","H12",1467,"F",97,158,0
"C19459","H07",393,"M",74,137,0
"C86755","H04",304,"M",93,135,0
"C54939","H04",408,"F",99,123,1
"C41434","H04",758,"F",82,157,0
"C89786","H04",61,"M",97,130,0
"C12458","H07",752,"M",87,156,0
"C20586","H08",816,"F",87,147,1
"C91669","H12",965,"F",999,123,0
"C86491","H04",968,"F",999,140,1
"C34485","H04",840,"F",95,134,0
"C54951","H01",374,"F",95,140,0
"C78079","H04",113,"M",82,145,1
"C50541","H04",691,"F",91,136,0
"C22850","H11",493,"M",83,149,0
"C67700","H06",286,"M",97,124,0
"C75020","H01",1300,"M",96,151,0
"C87447","H08",143,"M",91,129,0
"C98778","H11",624,"M",79,128,1
"C33968","H08",79,"M",94,127,0
"C87676","H01",566,"M",90,131,0
"C14270","H04",767,"M",84,131,0
"C96277","H12",828,"F",96,148,0
"C15079","H06",1145,"M",93,119,0
"C27762","H05",536,"F",93,132,0
"C48829","H10",843,"F",96,163,0
"C79039","H01",371,"F",92,142,0
"C64565","H01",527,"F",97,127,0
"C64021","H11",837,"M",98,130,0
"C98674","H04",898,"M",90,144,0
"C44191","H11",992,"F",92,128,0
"C22995","H01",222,"F",92,153,0
"C67852","H01",767,"M",96,135,0
"C10314","H04",435,"M",95,132,0
"C54892","H08",387,"M",97,142,0
"C80661","H03",292,"M",94,145,0
"C34661","H08",487,"F",87,147,1
"C40986","H04",779,"M",96,118,0
"C76715","H05",685,"M",97,124,0
"C29319","H01",377,"F",96,140,0
"C43244","H02",798,"F",81,141,0
"C19306","H06",219,"M",95,136,0
"C30733","H01",944,"F",93,126,0
"C88279","H12",289,"M",98,140,0
"C12133","H04",377,"M",77,133,1
"C86642","H01",359,"F",92,134,0
"C18368","H07",180,"F",87,145,1
"C33632","H04",536,"M",96,164,0
"C12160","H01",627,"F",72,125,1
"C72647","H02",1090,"M",90,125,0
"C87690","H04",944,"M",94,153,0
"C65584","H04",645,"F",999,137,0
"C53245","H08",907,"M",94,137,0
"C47873","H11",578,"F",93,140,0
"C99569","H05",533,"M",98,134,0
"C69291","H05",557,"F",98,150,0
"C77493","H04",231,"F",100,138,1
"C81575","H04",883,"M",98,143,0
"C56792","H06",871,"M",91,150,0
"C87265","H04",822,"F",84,151,1
"C46570","H10",155,"M",95,167,0
"C47139","H04",1236,"F",74,158,1
"C22659","H08",1138,"M",98,139,0
"C34622","H01",484,"F",74,113,0
"C34712","H10",466,"M",93,128,0
"C85509","H05",992,"M",94,166,0
"C16330","H11",761,"F",93,122,0
"C45409","H05",344,"F",97,152,0
"C51607","H12",338,"M",76,136,0
"C39963","H04",749,"M",95,121,0
"C12930","H04",277,"F",97,153,0
"C42578","H12",152,"F",82,134,1
"C64014","H11",387,"M",94,131,0
"C36149","H02",405,"M",98,140,0
"C82768","H07",712,"F",95,117,0
"C90582","H04",341,"M",88,153,1
"C64507","H09",883,"M",91,137,1
"C65363","H08",460,"M",98,161,0
"C76947","H01",399,"M",91,121,0
"C50788","H01",651,"M",73,120,1
"C54889","H02",1065,"M",97,114,0
"C28566","H08",758,"M",95,123,0
"C20965","H06",231,"F",80,130,1
"C48050","H11",222,"M",74,149,0
"C68470","H01",222,"F",78,135,1
"C69556","H10",390,"M",91,130,1
"C97805","H04",563,"F",94,111,0
"C11686","H11",907,"F",79,141,1
"C51202","H05",216,"M",81,135,0
"C60352","H03",673,"M",97,155,0
"C19214","H08",743,"F",93,130,0
"C97518","H04",524,"F",98,141,0
"C46697","H01",718,"M",97,109,0
"C96550","H04",679,"F",86,144,1
"C30866","H08",323,"M",96,129,0
"C11795","H01",374,"M",95,142,0
"C38018","H02",146,"F",96,152,0
"C28864","H11",161,"F",92,135,0
"C39328","H04",1352,"F",94,167,0
"C62891","H04",636,"M",93,132,0
"C11738","H12",645,"M",91,160,0
"C18636","H12",259,"M",96,152,0
"C42269","H04",648,"F",74,137,1
"C61287","H08",542,"M",73,147,1
"C42548","H02",697,"M",96,143,0
"C97261","H01",931,"M",96,165,0
"C58231","H10",420,"M",84,144,0
"C46843","H12",228,"M",76,129,0
"C39456","H04",198,"M",96,147,1
"C30793","H07",658,"M",79,137,1
"C19316","H07",341,"M",99,145,0
"C66077","H06",755,"M",95,143,0
"C18749","H03",609,"F",97,136,0
"C37173","H10",377,"M",83,124,0
"C26034","H03",365,"M",96,135,0
"C57787","H04",408,"M",99,132,0
"C51990","H04",508,"M",96,137,0
"C42810","H11",1501,"F",93,149,0
"C78081","H01",1288,"F",94,111,0
"C50344","H05",329,"M",94,111,0
"C51531","H01",91,"M",84,137,0
"C20828","H04",253,"F",93,139,0
"C13289","H12",320,"F",94,145,0
"C73157","H04",362,"F",94,135,0
"C77744","H08",1397,"M",88,152,1
"C37115","H04",776,"M",96,140,0
"C67577","H01",1373,"M",96,149,0
"C15493","H05",140,"F",75,129,0
"C61318","H04",469,"M",99,141,0
"C14804","H05",664,"F",92,147,0
"C48790","H06",91,"F",88,141,0
"C79914","H03",670,"F",99,179,0
"C29284","H04",128,"M",74,131,0
"C70625","H08",1151,"M",77,124,0
"C42290","H12",864,"M",90,142,0
"C46712","H12",642,"F",100,156,0
"C31105","H11",195,"M",97,163,0
"C66562","H05",697,"F",94,148,0
"C74177","H08",785,"F",97,130,0
"C74472","H12",630,"F",98,138,1
"C94769","H08",959,"M",97,128,0
"C14878","H03",895,"F",72,144,0
"C62392","H12",581,"F",95,132,0
"C23587","H12",1330,"F",96,145,1
"C16834","H05",871,"M",79,129,0
"C74118","H11",1059,"M",999,150,0
"C65777","H04",782,"F",96,132,0
"C93697","H06",1358,"F",95,137,0
"C47677","H02",1001,"F",73,159,0
"C17259","H07",584,"F",94,133,0
"C49486","H04",88,"M",90,130,0
"C42141","H08",740,"F",95,126,0
"C35885","H04",530,"M",100,138,0
"C84265","H11",901,"M",85,133,0
"C40524","H11",177,"M",95,139,0
"C57195","H12",374,"F",95,138,0
"C22660","H01",627,"M",99,127,0
"C42331","H11",304,"M",95,144,0
"C23905","H03",898,"F",97,107,0
"C49230","H01",484,"M",97,120,0
"C36585","H04",359,"M",83,123,0
"C36879","H10",234,"M",92,155,1
"C40385","H04",554,"F",78,130,1
"C86281","H05",715,"M",80,164,0
"C26944","H07",944,"F",98,142,0
"C70526","H10",1254,"F",95,149,0
"C66169","H06",575,"M",94,113,0
"C84832","H03",731,"M",95,144,0
"C35337","H04",1111,"F",94,128,0
"C77288","H04",131,"M",96,144,0
"C73890","H01",371,"F",98,150,0
"C61704","H07",572,"M",83,119,0
"C90186","H04",146,"M",78,144,0
"C96427","H04",819,"M",79,132,0
"C57863","H05",335,"M",93,127,0
"C45731","H05",70,"F",90,132,0
"C42153","H11",721,"F",97,130,0
"C24706","H05",97,"F",92,144,0
"C81505","H02",931,"M",97,150,0
"C86421","H01",1479,"F",95,122,0
"C14013","H10",676,"M",96,139,0
"C23647","H05",1260,"F",94,131,0
"C57021","H12",563,"F",999,143,0
"C47436","H01",429,"M",98,155,0
"C64205","H11",986,"F",94,150,0
"C84289","H04",198,"M",89,158,0
"C99169","H04",578,"M",94,137,0
"C56548","H02",274,"F",95,163,0
"C62817","H02",451,"F",78,113,0
"C32028","H01",1114,"F",95,144,0
"C61025","H10",472,"F",90,144,0
"C23294","H11",1233,"M",95,131,0
"C21340","H10",828,"F",97,112,0
"C34045","H08",752,"M",94,134,0
"C51917","H11",1464,"F",75,133,0
"C27867","H01",895,"F",100,138,0
"C76468","H01",177,"F",95,126,1
"C16530","H02",228,"F",99,159,0
"C34206","H10",709,"F",94,140,0
"C39150","H08",703,"F",96,140,0
"C13077","H01",1020,"F",95,149,0
"C40352","H12",597,"F",92,129,0
"C28600","H04",177,"F",98,134,0
"C68762","H02",402,"M",93,129,0
"C23375","H12",411,"F",94,161,0
"C69220","H02",122,"F",96,132,0
"C52718","H10",575,"F",83,129,0
"C19060","H04",715,"M",72,142,1
"C60566","H05",231,"M",80,143,0
"C24756","H01",314,"F",99,116,0
"C96572","H07",216,"F",94,155,0
"C27091","H04",703,"M",96,125,0
"C17090","H04",420,"M",95,128,0
"C63392","H08",478,"M",98,121,1
"C65414","H07",280,"F",96,138,1
"C33349","H01",110,"F",94,123,0
"C70280","H07",965,"F",78,154,0
"C70309","H05",289,"M",95,149,0
"C93093","H08",1376,"F",92,146,0
"C93116","H08",1565,"F",86,149,0
