"child_id","hospital","age_months","sex","spo2","muac_mm","died"
"C90695","H10",6.9,"F",95,15.5,0
"C15961","H07",25.5,"M",84,148,1
"C50510","H07",20.6,"M",94,120,0
"C79421","H13",21.5,"M",94,139,0
"C59312","H03",9.8,"F",92,125,1
"C24393","H07",22.3,"M",94,145,0
"C29946","H07",10.5,"F",95,138,0
"C13403","H07",11.5,"M",95,121,0
"C64041","H10",28.1,"M",999,15.7,0
"C77049","H04",9.4,"M",96,142,0
"C65898","H03",22.7,"M",90,144,0
"C53738","H07",15.3,"M",75,139,0
"C86963","H07",27.6,"F",99,151,0
"C97705","H03",37.6,"M",81,136,1
"C57221","H11",35.5,"F",97,139,0
"C11251","H13",27.7,"F",96,135,0
"C95186","H11",18.7,"M",88,135,0
"C55845","H14",17.2,"F",94,131,0
"C95142","H07",2.9,"F",94,136,0
"C15026","H02",14.4,"M",95,154,0
"C16453","H04",5.5,"M",84,131,0
"C60550","H13",35.4,"M",85,145,0
"C88326","H12",26.7,"M",82,122,0
"C81123","H14",20.7,"F",94,136,0
"C14472","H03",30.3,"M",97,121,0
"C16709","H11",26,"F",98,134,0
"C42215","H04",15.1,"F",93,135,0
"C77798","H07",35.9,"M",75,120,0
"C42668","H03",10.1,"F",93,136,0
"C27610","H10",7.6,"F",95,12.5,0
"C17491","H07",12.6,"M",97,145,0
"C24049","H05",16.2,"M",94,143,0
"C37133","H08",27.3,"F",96,152,0
"C49044","H01",13.1,"F",93,128,0
"C24329","H13",20.6,"M",72,119,1
"C54513","H10",33.9,"M",77,13.3,1
"C66213","H03",29.4,"M",77,141,0
"C31139","H12",17.7,"F",92,157,0
"C33072","H07",24.8,"F",94,132,0
"C52221","H02",25.7,"M",97,147,0
"C89103","H08",12.3,"M",97,127,0
"C16204","H14",26.3,"F",96,146,0
"C81129","H07",32,"F",92,144,0
"C61779","H04",29.8,"M",77,117,0
"C71864","H03",23.2,"M",77,163,0
"C23505","H07",32.6,"F",75,134,1
"C67563","H03",4.1,"F",96,126,0
"C52129","H07",25,"F",97,157,0
"C69017","H08",38.9,"F",97,139,0
"C72010","H07",27.9,"M",999,159,0
"C98029","H09",15.3,"F",97,137,0
"C19614","H03",26.8,"F",74,144,0
"C96096","H12",24.3,"F",94,139,0
"C47079","H03",27.5,"M",94,138,0
"C44070","H01",45,"F",86,135,1
"C86086","H12",31.6,"M",95,158,0
"C84075","H10",28.1,"M",73,14.4,0
"C51834","H03",32.6,"F",94,141,0
"C35633","H04",13.5,"M",76,136,0
"C46795","H08",6.9,"M",94,138,0
"C69606","H02",15,"F",94,142,0
"C26511","H08",22.4,"F",93,150,0
"C64681","H06",15.1,"F",99,137,0
"C22440","H03",6.4,"M",88,133,0
"C10930","H08",4.6,"F",90,128,0
"C88576","H13",12,"M",83,159,0
"C46859","H01",42.2,"M",92,138,0
"C33496","H01",20.5,"M",94,126,0
"C90819","H01",32.5,"F",96,144,0
"C14959","H13",14.7,"F",95,121,0
"C10748","H14",13.2,"F",87,147,0
"C40375","H10",30.2,"M",95,12.9,0
"C39815","H03",7.1,"M",81,134,0
"C21665","H03",39.3,"M",97,125,0
"C33361","H07",33.4,"F",76,132,0
"C56682","H03",15.8,"M",98,125,0
"C60432","H11",22.8,"F",77,157,0
"C46418","H14",38.4,"M",96,152,0
"C66333","H12",4.4,"F",98,126,0
"C80495","H12",12.8,"M",82,143,0
"C12983","H05",30.9,"F",91,139,0
"C57282","H10",36.4,"F",79,13.9,0
"C37244","H14",12.4,"F",97,144,0
"C43437","H14",3,"F",96,141,0
"C41492","H13",11.9,"F",86,140,0
"C60293","H09",2.5,"F",94,116,0
"C72036","H13",27.5,"M",95,118,0
"C23782","H08",6.4,"M",93,126,0
"C87632","H14",18.8,"M",84,130,0
"C83592","H10",32.2,"M",95,13.5,0
"C75212","H03",28.1,"M",86,140,0
"C60356","H11",28,"F",100,144,0
"C81236","H14",11.6,"F",96,120,0
"C22487","H03",27.8,"F",82,145,0
"C51222","H14",35.6,"F",80,134,0
"C44085","H05",21.3,"M",96,139,0
"C19456","H08",34.9,"F",85,117,0
"C45408","H07",24.5,"F",94,130,0
"C88807","H14",19.1,"M",93,128,0
"C69338","H02",24.1,"M",90,113,1
"C99159","H03",11.5,"F",95,106,1
"C80854","H14",14,"F",95,138,0
"C71364","H05",17.9,"M",98,126,0
"C69317","H07",32.7,"M",96,132,0
"C72307","H03",17.5,"M",97,130,0
"C57628","H03",49.1,"M",96,128,0
"C79318","H03",20.3,"F",95,147,0
"C72294","H05",2.7,"F",96,136,0
"C38832","H03",17.2,"F",97,121,0
"C58074","H01",20.9,"M",94,124,0
"C61126","H02",13.2,"M",92,161,1
"C84043","H02",13,"M",79,153,1
"C31894","H07",14.8,"M",96,147,0
"C54586","H07",6.5,"F",74,126,0
"C23123","H12",13.1,"F",95,136,0
"C39022","H13",6.9,"M",93,165,1
"C67848","H07",17.6,"F",85,125,0
"C46454","H03",27.9,"F",93,135,0
"C68765","H05",17.3,"M",96,130,0
"C55749","H07",23.2,"F",98,151,0
"C95063","H03",10.1,"F",78,142,0
"C21381","H14",54.6,"M",999,155,0
"C47341","H09",29.5,"M",95,143,0
"C74500","H07",9.4,"F",82,128,0
"C19347","H03",10.5,"F",96,137,0
"C76490","H02",15,"F",99,129,0
"C34677","H10",28.3,"M",98,13.6,0
"C65613","H10",29,"F",94,11.7,0
"C72731","H14",13.8,"F",95,151,0
"C49512","H07",23.4,"F",95,121,0
"C40253","H07",29.8,"M",85,133,0
"C66691","H02",41.1,"F",93,139,0
"C81421","H03",37.2,"M",96,136,0
"C34633","H10",13.6,"F",93,15.7,0
"C44392","H01",29.7,"F",87,115,0
"C43755","H03",23.9,"F",79,136,1
"C76664","H07",51.7,"F",90,156,0
"C40632","H09",13.2,"M",93,122,0
"C79487","H03",32.2,"M",95,117,0
"C42727","H12",20.5,"F",94,143,0
"C60227","H13",42.8,"M",92,136,0
"C13960","H10",34.4,"M",77,13.9,0
"C20971","H13",7.8,"M",96,136,0
"C82696","H13",14.9,"M",94,137,0
"C33003","H03",3.4,"F",72,148,0
"C28820","H11",21.1,"F",75,129,0
"C65328","H08",33.6,"M",98,141,0
"C95088","H13",47.8,"M",94,139,0
"C84161","H13",42.1,"M",95,145,1
"C80905","H02",6.7,"M",100,147,0
"C47970","H07",22.1,"F",75,123,1
"C13161","H03",16.2,"F",95,139,1
"C26008","H07",10.9,"M",97,148,0
"C38450","H12",7.7,"M",95,158,0
"C69416","H13",6.1,"F",95,140,0
"C40423","H04",31.3,"F",92,160,0
"C96201","H13",6,"F",97,158,0
"C79709","H05",42.1,"F",98,144,0
"C26423","H03",21,"F",77,130,0
"C34554","H08",15.4,"M",95,144,0
"C43331","H01",16.4,"F",98,133,0
"C49773","H08",46.4,"M",84,134,0
"C27929","H13",48,"F",91,132,0
"C55692","H07",33.9,"F",87,132,0
"C55296","H02",32.3,"F",99,155,0
"C59294","H13",4.7,"F",80,123,1
"C71125","H04",35.9,"M",96,148,0
"C99418","H08",2.2,"F",96,149,1
"C29246","H04",15.7,"M",85,152,1
"C90008","H09",35.2,"M",93,135,0
"C39926","H10",6.2,"M",93,14.4,0
"C91553","H14",10.8,"M",76,150,0
"C14414","H07",12.7,"M",80,153,0
"C13867","H05",26.6,"M",92,141,0
"C31252","H07",5.4,"F",100,131,0
"C93663","H07",49.5,"F",82,147,0
"C90709","H09",27.7,"F",97,166,0
"C62231","H10",15.9,"F",80,13.3,1
"C21582","H12",34.3,"M",98,138,0
"C92158","H08",3.4,"F",97,129,0
"C40860","H05",23.2,"F",94,152,0
"C59823","H05",6.8,"F",94,119,0
"C81219","H04",6.9,"M",95,119,0
"C61781","H05",42.4,"F",90,136,0
"C80362","H12",20.1,"M",95,148,0
"C98460","H03",47.1,"M",90,136,0
"C16042","H08",10.9,"F",97,134,0
"C73282","H11",43.4,"F",87,148,0
"C80603","H12",21.9,"F",91,126,0
"C59775","H03",42.6,"M",91,148,0
"C63213","H03",27.1,"M",85,123,0
"C78352","H10",17.1,"F",95,14,0
"C30522","H14",41.1,"M",999,128,0
"C66642","H07",50.3,"M",96,137,0
"C18977","H10",13.8,"F",96,15.9,0
"C10070","H01",14.6,"M",97,136,0
"C19894","H12",7.1,"M",94,152,0
"C10210","H03",2.8,"M",92,132,0
"C91074","H07",17.6,"M",93,150,0
"C49309","H05",10.8,"F",85,135,0
"C48830","H13",36,"F",95,132,0
"C96946","H02",41.7,"M",96,136,0
"C52717","H11",36.8,"F",96,134,0
"C55458","H09",28.5,"F",92,149,0
"C70877","H05",19.4,"M",95,122,0
"C58526","H03",43.2,"F",95,133,0
"C36615","H07",35.2,"F",95,140,0
"C96377","H03",24,"M",92,149,0
"C81916","H10",18,"M",97,14.1,0
"C27392","H07",8.3,"F",93,141,0
"C74909","H07",51.2,"M",96,130,0
"C72257","H11",26.8,"F",81,124,0
"C50981","H09",12.8,"F",95,137,0
"C33526","H08",20.7,"F",81,159,0
"C67154","H03",28.7,"M",94,144,0
"C43738","H02",37.5,"F",100,124,0
"C96427","H02",11.8,"M",74,139,0
"C30131","H04",28.6,"M",95,118,0
"C70992","H14",14.3,"M",80,152,1
"C38534","H03",27.3,"F",89,142,0
"C70582","H03",18.1,"M",98,147,0
"C90871","H10",10.9,"M",97,14.5,0
"C65623","H13",11.7,"F",95,159,0
"C86090","H03",42.1,"M",96,136,0
"C12866","H03",16.7,"M",78,124,0
"C97728","H07",33.9,"F",73,138,0
"C79968","H10",3.3,"F",93,13.1,1
"C88033","H03",27.6,"M",76,143,1
"C20550","H12",27.7,"M",88,124,0
"C48604","H05",19.9,"M",96,139,0
"C91016","H14",20.4,"F",97,148,0
"C43956","H07",13.3,"M",82,136,0
"C18113","H14",13.9,"M",95,143,0
"C59507","H03",11.6,"F",90,134,0
"C70922","H09",17.9,"F",96,140,0
"C47922","H14",31.5,"F",999,116,0
"C28548","H09",53.9,"M",91,141,0
"C46635","H03",3.5,"F",92,119,0
"C24685","H03",9.4,"M",97,143,0
"C26342","H14",22.1,"M",94,127,0
"C53444","H03",11.3,"M",97,142,0
"C90968","H10",14.8,"M",95,14.7,0
"C81372","H14",26.5,"M",95,125,0
"C30970","H04",15,"M",94,124,1
"C50358","H03",7.3,"F",96,143,0
"C83947","H03",19.4,"M",100,155,0
"C27903","H07",31.4,"F",94,129,0
"C13832","H03",34.7,"F",91,132,0
"C37155","H03",24,"F",94,123,0
"C26264","H09",20.8,"M",98,147,0
"C47076","H03",31,"F",97,142,0
"C24917","H13",28.7,"M",75,162,0
"C73601","H13",16.2,"F",100,161,0
"C33042","H05",3.8,"M",86,132,1
"C43930","H03",46.2,"F",80,115,1
"C61705","H03",26.9,"F",77,146,0
"C66709","H03",35.7,"M",77,127,0
"C90738","H10",23.8,"F",96,13.3,0
"C73762","H03",6.8,"M",99,143,0
"C63339","H02",29.4,"M",94,119,0
"C71143","H12",10.3,"M",99,132,0
"C24122","H14",7.6,"F",93,131,0
"C38789","H07",8.8,"F",91,151,0
"C74253","H03",8.6,"F",94,116,0
"C65432","H12",25.1,"M",97,144,0
"C59535","H03",16.7,"M",96,142,0
"C98860","H05",15.4,"F",82,156,0
"C72427","H10",22.3,"M",85,13.3,0
"C62563","H01",27.2,"M",94,145,0
"C41020","H08",18.7,"M",93,136,0
"C49144","H12",12,"M",96,148,0
"C28316","H07",19.3,"F",98,137,0
"C98522","H04",6.2,"F",98,125,0
"C55043","H07",26.3,"M",95,136,0
"C10760","H14",22.3,"F",97,134,0
"C30025","H05",10.2,"M",89,151,0
"C45539","H03",13.6,"F",95,133,0
"C69747","H09",17.2,"M",92,127,0
"C65307","H03",15.7,"M",93,139,0
"C72115","H03",12.4,"M",81,158,0
"C27193","H03",39.8,"F",94,130,1
"C12425","H05",8.3,"M",95,142,1
"C36841","H09",17.6,"F",93,150,0
"C93786","H12",22.1,"F",98,127,0
"C27235","H13",11.2,"F",91,169,0
"C63251","H13",47.8,"M",97,151,0
"C55643","H03",24.5,"F",93,121,0
"C49379","H14",14.1,"M",999,146,0
"C56930","H14",7,"M",94,155,0
"C47335","H07",20.1,"M",99,149,1
"C38493","H14",11.9,"F",75,153,1
"C66537","H14",39.9,"M",98,135,0
"C84088","H07",43.6,"M",96,171,0
"C69496","H03",16.3,"F",88,128,0
"C95413","H13",34.2,"F",94,145,0
"C36125","H13",22.4,"F",94,162,0
"C75211","H07",17.1,"F",83,143,1
"C45423","H11",31.3,"F",92,127,0
"C58024","H11",14.2,"F",100,150,0
"C27941","H02",38.5,"M",95,122,0
"C76025","H12",37.8,"M",79,143,0
"C15368","H07",5.1,"M",96,159,0
"C71862","H07",42.4,"F",94,152,0
"C76319","H01",24.5,"M",83,144,0
"C82678","H02",20,"F",87,154,0
"C92430","H03",34.5,"M",99,134,0
"C65137","H13",8.7,"F",98,125,0
"C92513","H08",16.4,"M",93,149,0
"C78053","H05",43.7,"M",84,143,0
"C84815","H03",20.7,"F",93,158,0
"C28567","H07",5.9,"M",77,132,0
"C66867","H02",38.8,"F",93,139,0
"C94255","H07",30,"F",96,145,0
"C76697","H12",10.3,"M",99,137,0
"C28051","H02",5.1,"F",85,144,0
"C11594","H03",4.2,"F",94,129,0
"C15511","H03",15.8,"M",84,145,0
"C87570","H07",18.7,"F",94,131,1
"C21478","H08",12.3,"M",98,148,0
"C96709","H03",54.7,"M",95,151,0
"C99927","H12",42.4,"M",92,135,0
"C36234","H10",36.1,"M",94,14.5,0
"C42107","H08",3.5,"M",97,149,0
"C66488","H12",15.5,"F",97,147,0
"C52827","H05",11.7,"F",74,156,1
"C57921","H13",16.9,"M",85,135,0
"C26808","H10",15.9,"F",86,14.5,0
"C44822","H03",15.7,"F",94,135,0
"C97727","H14",5,"F",93,154,0
"C54238","H12",21,"F",92,139,0
"C98785","H05",29.5,"M",96,146,0
"C73358","H08",22.6,"M",95,131,0
"C32061","H13",18.2,"F",96,138,0
"C41059","H08",4,"M",99,156,0
"C47846","H13",50.7,"M",95,127,0
"C18030","H13",9.9,"M",92,140,0
"C64337","H13",8.4,"F",99,120,0
"C30693","H14",39.9,"F",81,140,0
"C81446","H05",4.1,"M",95,141,0
"C76248","H14",9.7,"F",88,152,0
"C59500","H07",11.3,"F",98,124,0
"C89793","H03",25.5,"M",93,130,0
"C18652","H07",12.1,"F",96,139,0
"C83784","H03",35.1,"M",93,119,0
"C25047","H14",14.2,"F",91,153,0
"C78501","H12",19.2,"F",999,119,0
"C37378","H14",9.4,"M",96,141,0
"C35679","H07",40.2,"F",95,136,0
"C42033","H01",5.7,"M",98,163,0
"C14857","H10",17.4,"F",91,14.6,0
"C31738","H01",9.5,"M",93,149,0
"C53869","H12",12.9,"M",93,124,0
"C55990","H14",20.3,"F",96,139,0
"C32694","H03",15.8,"F",96,145,0
"C44120","H07",13.7,"M",90,143,0
"C80022","H11",34.6,"F",97,138,0
"C43943","H03",45.5,"F",89,154,0
"C21661","H11",2.5,"M",91,128,0
"C85124","H04",36.9,"M",96,116,0
"C75195","H13",27.1,"M",96,161,0
"C22438","H09",9,"F",89,147,0
"C88403","H05",22.4,"M",95,143,0
"C97306","H03",16.7,"F",91,142,0
"C11715","H14",16.7,"M",93,143,0
"C39790","H12",2.3,"F",93,150,0
"C18146","H07",10.3,"F",96,134,0
"C76128","H11",34.6,"M",92,133,0
"C23237","H03",22.6,"M",88,116,0
"C84365","H07",6.3,"F",85,130,0
"C72201","H03",10.2,"M",94,133,0
"C56624","H07",5.6,"M",94,156,0
"C59666","H09",35.5,"F",94,149,0
"C21001","H13",20.4,"F",94,151,0
"C25677","H01",20.4,"M",72,142,0
"C22766","H10",4.5,"M",93,13,0
"C93924","H03",6.6,"F",95,129,0
"C85495","H07",5.7,"F",96,133,0
"C45559","H07",31.6,"M",76,129,0
"C51950","H11",24.9,"F",88,139,0
"C42865","H04",11.9,"M",88,137,1
"C60549","H12",23.4,"M",94,140,0
"C19235","H13",41.4,"M",95,149,0
"C41573","H01",28.4,"M",96,126,0
"C42599","H14",10.7,"M",95,152,0
"C83770","H03",14.3,"F",97,138,0
"C28678","H01",14.7,"M",97,136,0
"C33225","H07",19.8,"M",95,139,0
"C73451","H11",38.2,"M",94,145,0
"C73211","H07",46.5,"M",84,118,0
"C61692","H02",41.8,"M",78,150,0
"C57571","H07",8.6,"F",77,137,0
"C58806","H01",13.1,"M",73,150,0
"C64605","H01",22.9,"M",94,152,0
"C22315","H07",23.2,"F",96,140,0
"C93453","H03",19.7,"M",73,142,0
"C95030","H03",43.4,"M",95,134,0
"C70298","H07",17.5,"M",83,141,0
"C57854","H02",14.3,"M",75,142,0
"C27636","H13",4.4,"F",93,141,0
"C57278","H07",6.1,"M",79,144,0
"C23432","H12",8.9,"F",999,138,0
"C88842","H09",31.3,"M",88,154,0
"C33953","H03",37.9,"M",93,153,0
"C99576","H13",11.6,"F",95,134,0
"C60127","H14",29.4,"F",73,147,0
"C95889","H09",28.1,"F",96,148,0
"C77591","H05",3.6,"M",97,131,0
"C92957","H14",26.5,"M",90,146,0
"C77313","H03",12.2,"F",98,134,0
"C49624","H14",33.2,"M",94,115,0
"C28243","H08",7.8,"M",88,144,0
"C91586","H01",32.1,"M",98,137,0
"C87769","H10",46.4,"M",97,13.5,0
"C39808","H13",6.3,"F",98,155,0
"C39007","H07",9.6,"F",94,120,0
"C73355","H14",23.1,"M",98,140,0
"C54979","H03",45.7,"M",74,145,0
"C27406","H12",20.9,"M",91,136,0
"C34706","H14",9,"F",95,148,0
"C43162","H07",21.2,"M",73,135,0
"C47499","H03",17.7,"M",95,141,0
"C94343","H02",18.7,"M",81,146,0
"C92026","H03",13.2,"F",94,143,1
"C66392","H12",10.6,"F",96,146,0
"C93454","H07",15.6,"F",93,118,0
"C20874","H03",17.1,"F",95,122,0
"C87893","H12",19.6,"F",93,137,0
"C29126","H14",8.2,"F",92,143,0
"C32333","H01",29,"F",94,141,0
"C72583","H04",7.7,"M",94,119,0
"C15272","H13",7.3,"M",91,145,0
"C85798","H05",19.7,"M",95,133,0
"C84570","H03",35.5,"M",81,117,0
"C73904","H04",27.5,"M",75,143,0
"C92836","H03",45,"M",95,139,0
"C73675","H11",25.2,"M",75,126,0
"C46884","H05",6,"M",94,121,0
"C30785","H03",36.8,"M",98,141,0
"C13884","H02",2.7,"F",95,134,0
"C90921","H09",6.1,"M",93,154,1
"C59890","H07",26.8,"F",82,145,0
"C95692","H03",30.7,"M",95,130,1
"C86703","H01",13.6,"M",95,146,0
"C40832","H13",18.1,"M",96,130,0
"C35263","H12",10.1,"M",94,140,0
"C10285","H11",37.4,"F",87,131,0
"C62850","H03",47.1,"M",91,142,0
"C14188","H09",23.2,"M",96,121,0
"C43093","H08",18.6,"F",96,149,0
"C99827","H03",46.4,"M",78,117,0
"C34303","H14",33.7,"F",95,128,0
"C77717","H04",2.3,"M",95,155,0
"C65035","H07",8.8,"F",85,121,0
"C89643","H03",28.5,"M",93,138,0
"C50422","H10",14,"M",98,11.7,0
"C59901","H13",9.7,"M",74,129,0
"C15654","H13",7,"F",91,155,0
"C72908","H07",10.6,"F",79,153,1
"C24583","H11",41.6,"F",73,153,0
"C41175","H07",44.2,"F",94,150,0
"C91866","H10",6.6,"M",94,14.2,0
"C81715","H03",32.6,"F",98,149,0
"C46134","H01",17.8,"M",999,142,0
"C44189","H14",8.1,"F",96,156,0
"C62719","H05",17.8,"M",94,144,0
"C40882","H10",23.6,"M",96,13.3,1
"C83564","H02",4.4,"M",95,136,0
"C76617","H09",18.2,"M",94,143,0
"C99230","H02",16.1,"F",97,136,0
"C15201","H09",31.9,"F",999,132,0
"C30695","H01",13,"M",96,144,0
"C23319","H09",34.2,"M",97,136,0
"C51142","H07",16.4,"F",999,137,1
"C76924","H13",48.2,"M",97,128,0
"C10713","H03",15.4,"M",92,156,0
"C77112","H13",34.1,"M",78,133,0
"C85160","H11",14.2,"M",95,134,0
"C65165","H04",30.3,"F",97,137,0
"C38665","H14",6.9,"M",95,127,0
"C91534","H01",35.8,"F",75,126,0
"C76455","H13",2.5,"M",94,140,0
"C35432","H05",30.1,"F",98,123,0
"C98146","H07",13.7,"F",75,134,1
"C36483","H08",9.4,"M",90,142,0
"C24908","H13",6.7,"M",94,147,0
"C48170","H01",41.8,"M",94,141,0
"C52897","H11",6.7,"M",94,124,0
"C42695","H05",46.6,"M",96,142,1
"C85603","H14",3.1,"M",91,146,0
"C39464","H10",21.5,"F",86,14.4,0
"C85039","H07",9.8,"F",88,158,0
"C48726","H05",31.7,"F",97,126,0
"C62393","H07",23.1,"M",95,136,0
"C65280","H07",28.7,"F",93,136,0
"C57362","H01",27.9,"F",97,141,0
"C50650","H09",43.7,"M",79,157,0
"C37857","H02",48.2,"M",75,155,0
"C89552","H02",38.3,"F",94,141,0
"C74633","H13",7.8,"F",98,149,0
"C46729","H04",21.8,"M",92,122,0
"C34126","H03",8.6,"F",94,131,1
"C56360","H03",40.3,"M",83,149,0
"C10983","H03",5.3,"F",76,147,0
"C31780","H07",56.6,"F",73,140,0
"C15754","H04",18.7,"M",76,132,1
"C29087","H02",18.5,"M",95,136,0
"C44286","H07",25.3,"M",97,145,0
"C83574","H05",6.5,"M",96,130,0
"C72666","H01",13.8,"F",95,136,1
"C72971","H02",3.3,"M",74,117,0
"C39691","H07",16.5,"M",80,127,0
"C43606","H07",22,"F",73,167,0
"C90164","H11",19.3,"M",99,123,0
"C23680","H03",4.5,"M",94,141,0
"C76783","H13",24.1,"F",98,156,0
"C82021","H13",36.1,"M",98,138,0
"C57348","H02",27.6,"M",95,143,0
"C66438","H08",11.3,"M",82,123,0
"C45568","H09",28,"F",94,152,0
"C35884","H13",12.2,"M",98,153,0
"C51573","H14",21.8,"M",95,138,0
"C51349","H07",15,"M",85,130,0
"C37955","H01",44.9,"F",96,119,0
"C41391","H06",48.7,"M",96,166,1
"C11934","H11",3,"F",87,143,0
"C84046","H13",40.1,"F",999,148,0
"C68717","H13",38.6,"F",73,138,1
"C84235","H13",44.6,"F",79,152,0
"C70764","H04",41.9,"F",81,131,0
"C15531","H07",16.6,"M",88,117,0
"C95238","H07",19.7,"M",93,138,0
"C48864","H04",5.7,"F",93,143,0
"C64080","H03",7.2,"F",92,152,0
"C74471","H14",17.2,"F",82,136,1
"C45838","H05",34.8,"M",76,137,0
"C22366","H04",32.3,"F",95,148,0
"C11259","H14",16.3,"F",75,139,0
"C88935","H03",22.9,"F",84,106,1
"C83509","H07",24.4,"M",83,144,1
"C15545","H12",17.5,"F",97,144,0
"C81483","H02",22.7,"F",96,142,0
"C66344","H10",53.7,"F",93,14,0
"C96420","H05",19.4,"F",90,135,0
"C56685","H04",37,"M",94,122,0
"C68642","H02",18.8,"F",97,158,0
"C92676","H01",7.3,"F",74,144,0
"C97733","H07",24.7,"F",80,124,0
"C76532","H14",24.5,"F",73,133,0
"C65622","H10",9.5,"F",97,14.2,0
"C45718","H05",7,"F",98,160,0
"C91140","H07",46,"M",97,134,0
"C62917","H13",6.8,"F",98,142,0
"C73635","H14",5.5,"F",94,145,0
"C10461","H04",4.3,"F",96,143,0
"C56803","H14",9.6,"F",94,146,0
"C68135","H03",33.4,"M",96,153,1
"C35810","H03",9.3,"M",95,123,0
"C42352","H13",18.7,"F",98,123,0
"C42536","H08",2.3,"F",93,150,0
"C35519","H03",11.5,"F",95,136,0
"C52908","H01",3.7,"M",78,136,0
"C45357","H14",24.5,"M",85,163,0
"C67374","H01",5.4,"F",94,148,0
"C36869","H14",13.1,"M",92,129,0
"C31978","H13",6.8,"F",90,126,0
"C51643","H07",31.3,"F",97,136,0
"C86279","H08",15.9,"M",97,148,0
"C75901","H12",13.8,"F",92,145,0
"C60236","H08",5.1,"M",97,139,0
"C32363","H05",5.2,"M",95,136,0
"C56771","H10",12.8,"M",98,12.5,0
"C85334","H10",15.9,"M",97,13.5,0
"C28338","H07",2.4,"F",94,128,0
"C86408","H05",10.7,"F",79,155,0
"C59924","H05",25.8,"M",94,140,0
"C78308","H09",39.2,"F",98,145,0
"C93561","H03",44.7,"M",77,141,0
"C58080","H03",41.1,"F",93,135,0
"C14786","H03",7.7,"M",85,158,0
"C18082","H03",7,"M",98,131,0
"C54987","H02",11.4,"F",74,152,0
"C16688","H04",6.8,"F",90,137,0
"C49160","H09",7.6,"M",92,143,0
"C21516","H02",24,"F",94,148,0
"C98344","H05",16.1,"F",96,136,0
"C57419","H03",24.7,"M",86,156,0
"C27974","H12",17.1,"M",93,142,0
"C90627","H03",11.3,"M",999,136,0
"C72431","H13",16.4,"M",94,139,0
"C18740","H13",36.4,"M",77,144,0
"C82675","H03",49.6,"F",95,129,0
"C40073","H07",4.6,"M",96,139,0
"C81180","H01",26.8,"M",100,160,0
"C60769","H03",18.6,"M",74,138,0
"C69413","H08",7.2,"M",78,163,0
"C20776","H13",37.9,"M",78,128,0
"C71296","H03",14.5,"M",95,140,0
"C10895","H03",47.8,"F",74,138,0
"C59726","H02",17.6,"M",97,120,0
"C67686","H03",15.7,"M",100,118,0
"C73190","H03",44.7,"M",95,155,0
"C11660","H02",14.7,"M",92,155,0
"C45944","H07",16.6,"F",93,121,0
"C48869","H10",28.3,"M",93,12.3,0
"C13857","H10",19.3,"F",95,12.9,0
"C49369","H07",25.2,"F",73,152,1
"C70963","H07",47.2,"F",76,132,0
"C75231","H03",15.3,"F",75,131,0
"C66685","H07",5.3,"M",93,133,0
"C14673","H10",12.3,"F",87,13.5,0
"C21128","H05",24.3,"M",94,143,0
"C39676","H03",45.2,"F",74,134,0
"C97239","H03",38.6,"M",75,143,0
"C50353","H07",45.9,"M",97,145,0
"C87951","H07",13.8,"F",97,163,0
"C80042","H07",2.3,"F",72,138,1
"C60618","H05",13.4,"F",100,159,0
"C16862","H10",21.2,"M",96,13.6,0
"C25791","H03",40.6,"M",95,140,0
"C89811","H05",33.4,"F",95,150,0
"C92546","H09",11.1,"M",95,117,0
"C35426","H03",44.2,"F",97,133,0
"C74948","H12",7.3,"F",98,135,0
"C26833","H02",23.4,"F",97,164,1
"C60398","H07",25.2,"M",75,121,0
"C37720","H07",2.6,"F",99,146,0
"C82274","H09",54.2,"F",94,129,0
"C24970","H03",30.2,"F",89,136,0
"C43881","H03",32.5,"F",95,154,0
"C89042","H12",4.1,"F",96,146,0
"C59163","H01",43.6,"F",91,142,0
"C69483","H03",20.7,"M",95,134,1
"C16358","H14",15.9,"M",100,143,0
"C98589","H12",4.6,"M",94,121,0
"C82289","H14",31.3,"M",999,139,0
"C72978","H02",18,"M",99,148,0
"C62196","H05",15.5,"F",87,137,0
"C41315","H13",49.1,"F",90,149,0
"C30605","H05",38.8,"F",95,145,0
"C13996","H05",19.4,"M",92,137,0
"C50265","H03",10,"F",77,134,1
"C74787","H03",20.2,"M",85,147,0
"C98281","H12",31.2,"M",94,136,0
"C95257","H14",27.8,"F",999,132,0
"C49994","H01",10.7,"M",95,146,0
"C11942","H13",35.5,"M",86,143,0
"C27450","H01",21.8,"M",100,136,0
"C57234","H04",10.6,"M",93,146,0
"C82976","H03",6.2,"M",100,143,0
"C93048","H13",22,"F",98,137,0
"C10605","H01",42.9,"M",93,122,0
"C65655","H14",4.4,"M",98,142,0
"C14052","H13",21.2,"M",92,139,0
"C62096","H10",15.9,"F",93,15.4,0
"C51189","H03",20.6,"F",98,154,1
"C40082","H02",15.9,"M",97,154,0
"C70525","H07",24.4,"M",82,135,1
"C20382","H01",25,"F",999,139,0
"C36748","H12",16,"M",75,144,0
"C92995","H10",36,"F",93,11.7,0
"C14178","H12",53.1,"F",92,141,0
"C35751","H10",52.3,"F",87,12.9,0
"C50888","H13",53.5,"F",98,151,0
"C11842","H03",13.8,"M",95,128,0
"C73151","H01",4.6,"M",86,117,1
"C34846","H04",27.5,"F",85,130,0
"C68779","H02",17.7,"F",87,139,0
"C22130","H13",15.2,"F",97,116,0
"C23093","H03",3,"F",100,158,0
"C47320","H12",18.9,"F",84,146,1
"C11403","H02",44.2,"M",93,141,0
"C38254","H05",16,"M",99,148,0
"C58370","H07",27.5,"M",96,131,0
"C91255","H07",17.5,"F",91,144,0
"C31810","H07",14.9,"M",93,139,0
"C95201","H05",6,"M",94,134,0
"C61829","H03",30.2,"M",97,129,0
"C43710","H01",38.6,"M",95,134,0
"C42647","H03",13.7,"F",92,126,0
"C69962","H09",17.4,"M",92,144,0
"C32014","H07",23.1,"F",77,129,0
"C41293","H03",15.4,"M",94,147,0
"C42407","H14",43.7,"M",90,141,0
"C37487","H04",33.7,"F",73,145,0
"C50603","H13",7,"F",76,133,1
"C68737","H13",42,"F",97,131,0
"C81981","H09",49.3,"M",94,143,0
"C43220","H12",14.4,"F",97,145,0
"C16763","H12",24.9,"F",91,150,0
"C47148","H13",34,"F",96,151,0
"C46201","H08",27.1,"M",93,144,0
"C46469","H14",15.5,"F",99,128,0
"C74218","H13",24.7,"M",94,139,0
"C98233","H13",39.2,"M",93,136,0
"C66177","H01",17.1,"F",93,121,0
"C82834","H13",15.1,"F",98,117,1
"C26920","H03",44.4,"F",85,141,0
"C56823","H01",34.5,"M",100,119,0
"C59988","H13",39.7,"M",95,132,1
"C75641","H10",6.6,"F",95,11.2,1
"C32293","H12",15.5,"M",94,128,0
"C86046","H03",5.5,"M",95,151,0
"C62885","H07",7.7,"F",92,126,0
"C29305","H12",7.8,"F",96,161,0
"C61845","H04",30.9,"F",93,131,0
"C90057","H11",16,"M",93,145,0
"C14839","H13",14.8,"F",87,152,0
"C71286","H12",21.6,"M",78,138,0
"C84333","H13",10.1,"M",99,143,0
"C41652","H13",38,"M",96,133,0
"C61785","H03",30.6,"F",91,141,0
"C87207","H07",43.6,"M",88,129,0
"C23909","H13",6.2,"M",97,149,0
"C62461","H03",13.2,"M",80,131,0
"C86201","H07",10.7,"F",97,134,0
"C99715","H09",14.8,"M",84,138,0
"C12877","H03",23.3,"M",95,136,0
"C80853","H07",21.2,"M",99,145,0
"C99673","H02",22.8,"M",96,154,0
"C69476","H03",43.4,"M",93,125,0
"C43118","H02",40.7,"M",98,129,0
"C78731","H12",17,"F",90,134,0
"C99298","H07",8.2,"F",94,130,0
"C87563","H12",42,"M",95,138,0
"C50223","H03",14.7,"M",94,142,0
"C15084","H04",20.3,"F",94,137,0
"C51217","H12",9.8,"M",94,145,0
"C96833","H09",7.6,"M",94,134,0
"C62010","H13",15.1,"F",97,137,0
"C17856","H05",23.3,"M",75,150,0
"C44274","H09",22.5,"M",94,125,0
"C47586","H08",12.5,"M",82,151,0
"C11946","H12",12.3,"M",96,153,0
"C92452","H07",23.9,"M",94,140,0
"C63113","H14",3.3,"M",99,144,0
"C36013","H13",38.1,"F",76,137,0
"C94117","H03",15.6,"F",94,131,0
"C71297","H07",54.4,"M",76,145,0
"C65555","H03",16.2,"M",99,140,0
"C36532","H12",12.4,"F",95,143,0
"C62980","H11",8.1,"F",95,154,0
"C66587","H02",4.8,"M",98,133,0
"C50777","H11",31.6,"M",97,137,0
"C13415","H14",35,"M",96,143,0
"C32706","H05",12.9,"M",99,134,0
"C51704","H03",44.2,"M",83,149,0
"C58159","H08",30,"M",84,142,0
"C78936","H03",15.6,"F",96,152,0
"C48790","H07",22.3,"F",79,159,1
"C28028","H06",20,"F",94,150,1
"C64336","H13",14.6,"F",100,127,0
"C72407","H07",16.6,"F",999,150,0
"C63082","H03",6.5,"F",93,125,0
"C38419","H03",45.9,"M",81,149,0
"C16280","H13",19.4,"F",96,135,0
"C40952","H07",7.2,"M",96,144,0
"C11749","H13",6.4,"F",73,141,0
"C30123","H05",6.8,"M",96,143,0
"C55573","H07",33.9,"M",93,145,0
"C14621","H07",5.9,"M",86,131,0
"C24982","H02",30.7,"M",99,147,0
"C33093","H14",6.9,"M",93,151,0
"C43362","H12",11.5,"M",95,142,0
"C42021","H03",3.7,"F",92,146,0
"C77879","H03",19.1,"M",75,137,0
"C96242","H03",23,"M",74,129,0
"C93995","H02",20.1,"M",86,155,0
"C62989","H01",2.7,"M",98,149,0
"C11360","H02",42.1,"F",92,160,0
"C17921","H07",8.5,"M",91,132,0
"C90850","H03",40.8,"M",90,129,0
"C63545","H09",28.6,"M",88,142,0
"C48178","H13",11.9,"M",100,124,0
"C93210","H07",9,"F",95,148,0
"C41004","H03",10.4,"F",97,137,0
"C54032","H08",15.7,"M",92,125,0
"C88567","H01",19.6,"M",84,136,0
"C38883","H01",23.1,"M",73,143,0
"C99515","H13",9,"M",95,115,0
"C47582","H02",28.3,"F",75,158,0
"C73022","H07",22.7,"M",95,125,0
"C29076","H14",5.9,"F",77,126,0
"C99708","H07",13,"M",92,118,0
"C84685","H07",23.4,"F",96,140,0
"C40981","H10",15,"F",85,14,0
"C27380","H03",11.3,"F",96,145,0
"C15482","H11",9.5,"F",97,123,0
"C19471","H13",21.5,"M",98,150,0
"C72597","H07",28.3,"F",97,151,0
"C68783","H13",21.4,"F",97,137,0
"C19973","H07",18.6,"F",87,144,0
"C35416","H10",11.4,"F",96,13.9,0
"C22098","H07",32.6,"F",85,149,0
"C88253","H03",25.6,"M",93,133,0
"C40798","H01",9.4,"F",100,107,1
"C55701","H03",19.3,"F",73,135,0
"C41546","H07",17.4,"F",97,136,0
"C24190","H07",44.7,"F",98,155,0
"C72609","H09",19.8,"F",80,145,0
"C18886","H12",22.1,"M",93,142,0
"C85285","H09",20.2,"F",98,142,0
"C23620","H07",32.7,"M",85,135,0
"C62005","H10",15.3,"F",94,16.4,0
"C22377","H05",43,"F",97,131,0
"C25442","H05",16,"F",94,157,0
"C94875","H09",25.1,"F",96,143,0
"C24525","H14",11.8,"M",90,121,0
"C35234","H03",15.7,"F",98,125,0
"C60394","H13",8.2,"M",97,147,0
"C32594","H13",3.3,"M",93,116,0
"C44191","H03",15,"F",92,138,0
"C14410","H03",21.3,"M",98,121,0
"C39244","H01",25.3,"M",99,125,0
"C90588","H14",36.9,"M",98,136,0
"C70715","H08",5.8,"F",98,145,0
"C82343","H05",37.3,"F",93,135,0
"C39534","H08",12.4,"M",88,128,0
"C89307","H14",3.9,"F",92,126,0
"C34165","H10",18.7,"F",78,13.3,0
"C76849","H05",15.2,"M",94,164,0
"C59691","H12",3.8,"M",77,130,0
"C92971","H12",20.3,"M",95,121,0
"C25931","H07",15.4,"F",80,137,0
"C74601","H02",13.1,"M",98,141,0
"C45542","H09",11.7,"M",97,135,0
"C60472","H01",15.7,"M",83,147,1
"C58975","H02",27.2,"F",93,130,0
"C50844","H07",5.1,"M",90,151,1
"C92747","H13",6.8,"F",96,121,0
"C60502","H07",46.7,"M",95,150,0
"C97706","H12",23.1,"F",99,150,1
"C12546","H04",8,"M",87,153,0
"C11880","H03",31.5,"M",93,121,0
"C91744","H03",12.8,"M",97,144,0
"C75266","H08",30.2,"M",96,141,0
"C52702","H13",14.9,"F",95,155,0
"C68564","H07",4,"M",72,151,0
"C18837","H02",38.9,"F",90,123,0
"C98546","H07",25.9,"M",83,129,0
"C55177","H07",9,"M",82,138,1
"C33840","H02",17.1,"F",97,144,0
"C73238","H10",7.6,"M",97,12.1,0
"C66027","H03",10.5,"M",78,121,0
"C40224","H07",44.6,"M",81,159,0
"C23493","H03",7.7,"F",81,137,0
"C86798","H03",24.7,"F",90,141,0
"C56799","H07",5.3,"F",92,138,0
"C60007","H12",13.8,"M",93,132,0
"C72443","H10",15.8,"M",97,12.3,1
"C17412","H03",20,"M",96,129,0
"C17566","H14",20.5,"M",97,156,1
"C63481","H14",6.1,"M",80,139,0
"C83535","H13",48.5,"M",86,161,0
"C23106","H10",11.3,"F",93,13.2,0
"C73224","H09",4.2,"M",96,120,0
"C78338","H09",38.5,"M",98,118,0
"C19091","H03",40.4,"F",94,148,0
"C59959","H07",38.1,"F",91,126,0
"C96496","H07",16.8,"F",87,150,0
"C61118","H02",16.3,"M",98,132,1
"C13896","H03",13.1,"F",94,136,0
"C66604","H14",8,"M",79,132,0
"C37806","H07",16.7,"M",82,147,0
"C44702","H10",7.7,"M",95,12.7,0
"C32091","H13",39.9,"M",97,146,0
"C25194","H04",49.5,"F",87,118,0
"C37297","H09",7.7,"F",90,141,0
"C45211","H12",11.9,"M",99,143,0
"C17705","H11",32.2,"M",92,133,0
"C54880","H05",9.2,"F",98,127,0
"C70699","H08",38.3,"M",97,150,0
"C34186","H07",43.7,"M",87,125,0
"C30950","H07",37.4,"M",97,133,0
"C56069","H07",15.7,"M",75,163,1
"C41598","H08",2.3,"F",93,147,0
"C73408","H13",14.8,"M",91,143,0
"C98610","H10",13,"F",93,13.9,0
"C49398","H07",29.6,"F",81,131,0
"C29993","H04",5.4,"F",94,133,0
"C95263","H07",23.9,"F",79,121,0
"C79168","H08",55.6,"M",93,138,0
"C97724","H13",20.7,"M",97,163,0
"C96670","H03",17.9,"M",92,139,0
"C26359","H03",2.8,"M",86,163,0
"C65381","H02",21.4,"F",99,126,0
"C79861","H09",23.5,"F",100,124,0
"C62425","H03",13.6,"M",96,137,0
"C12104","H12",4,"F",92,124,0
"C93919","H12",8.1,"F",98,133,0
"C84786","H12",16.2,"M",95,144,0
"C49250","H09",4.3,"M",93,157,0
"C42627","H02",26,"F",85,140,1
"C47155","H13",3.5,"F",98,148,0
"C63208","H14",17.5,"F",98,143,0
"C46966","H03",3.7,"M",81,151,0
"C21447","H14",24.5,"F",75,152,0
"C56568","H12",25.2,"F",98,150,0
"C94805","H13",3,"F",94,148,0
"C93605","H05",5.7,"F",82,145,0
"C83400","H04",39,"M",97,153,0
"C29292","H10",26.9,"M",97,15.4,0
"C58532","H07",11.6,"F",999,141,0
"C54802","H14",21.7,"M",73,125,0
"C44333","H03",29.2,"F",99,150,0
"C97612","H03",4.2,"M",75,140,0
"C94514","H07",19.2,"F",999,148,0
"C46576","H10",18.1,"F",95,14.1,0
"C17134","H09",21.4,"F",87,143,0
"C47166","H08",30.3,"M",96,151,0
"C16129","H04",27.8,"F",97,127,0
"C69735","H03",9.4,"M",91,138,0
"C59721","H07",42,"M",97,136,0
"C58819","H13",36.2,"M",98,138,0
"C17673","H13",36.6,"M",90,117,0
"C29346","H03",11.3,"M",94,136,0
"C71652","H07",3.3,"M",73,126,0
"C28376","H03",24.4,"F",93,123,0
"C76080","H12",28.7,"F",96,142,0
"C16426","H12",5.5,"F",87,153,0
"C69147","H10",5.4,"M",999,13.4,0
"C17558","H07",30.4,"F",98,159,0
"C39825","H01",35.8,"F",92,148,0
"C74251","H10",37.3,"F",84,15.2,0
"C59053","H08",27.4,"F",98,159,0
"C47431","H03",28.7,"M",72,155,1
"C26292","H01",20.8,"F",97,130,0
"C27597","H12",22.8,"F",999,139,0
"C40653","H13",21.7,"M",86,126,0
"C88073","H12",11.8,"F",97,157,0
"C92604","H08",27.1,"M",93,144,0
"C74566","H01",40.1,"M",99,147,0
"C17112","H03",26.8,"M",93,121,0
"C42360","H14",10.1,"F",95,133,0
"C46785","H07",18.6,"F",91,137,0
"C14576","H01",21.8,"M",94,144,0
"C14098","H13",16.6,"M",94,145,1
"C97003","H12",15.1,"F",99,148,0
"C70996","H07",43.5,"M",90,160,0
"C34405","H10",33.6,"F",96,12.9,0
"C99520","H03",3.9,"F",95,129,0
"C70297","H03",19.7,"M",94,149,0
"C39592","H11",41.1,"F",76,137,0
"C83945","H03",27.9,"M",87,116,1
"C53322","H07",37.4,"M",73,135,0
"C52647","H07",19.3,"F",79,123,0
"C24471","H07",26.1,"F",75,130,1
"C57552","H07",36.6,"F",96,133,0
"C67642","H14",16.7,"F",97,121,0
"C42231","H07",17.3,"M",85,140,0
"C38069","H08",9.3,"F",99,120,0
"C92660","H08",7.1,"F",76,121,0
"C16508","H04",4.2,"F",95,133,0
"C37829","H12",7.9,"F",92,132,0
"C31527","H07",21.2,"M",95,116,1
"C21419","H13",43.8,"F",97,149,0
"C23380","H07",18.2,"M",94,142,0
"C32232","H07",8.7,"M",84,144,0
"C37879","H13",16.2,"M",93,132,0
"C51945","H03",8,"M",93,167,0
"C35731","H13",38,"M",96,143,0
"C58032","H03",50.5,"M",85,137,0
"C73319","H03",25.6,"F",86,153,0
"C12711","H05",26.9,"F",96,138,0
"C44127","H03",49.9,"M",96,142,0
"C36087","H08",33.6,"M",95,135,0
"C58951","H13",19,"M",94,134,0
"C20561","H07",38.4,"F",93,136,0
"C10512","H03",11.5,"M",80,132,0
"C82949","H05",14.3,"M",94,162,0
"C30520","H08",15.1,"M",94,140,0
"C15784","H12",6.8,"M",96,147,0
"C98145","H01",9.7,"M",85,138,0
"C86467","H03",5,"M",91,146,0
"C38653","H14",33.8,"M",95,148,0
"C44224","H14",10.9,"F",97,120,0
"C26636","H03",19.8,"M",96,139,0
"C46948","H07",24.3,"F",74,130,0
"C30610","H03",14.2,"M",90,135,0
"C10341","H09",31.9,"F",95,149,0
"C59720","H13",18.9,"M",90,144,0
"C64221","H05",19.5,"M",95,135,0
"C43895","H03",9.6,"M",95,137,0
"C39347","H14",4.1,"F",87,151,0
"C40065","H03",25.9,"F",93,121,0
"C65741","H03",34.3,"M",97,136,0
"C17009","H07",13.1,"F",85,136,1
"C37805","H14",46.7,"F",94,143,0
"C33860","H13",27.5,"M",98,132,0
"C16226","H03",28,"F",82,134,0
"C92473","H14",7.5,"M",81,147,0
"C29016","H12",47.3,"F",73,162,0
"C10188","H01",30.8,"F",999,117,0
"C93215","H08",43.3,"M",99,142,0
"C65833","H07",21.6,"F",72,132,0
"C88665","H09",34.7,"M",94,139,0
"C18925","H03",15,"M",76,141,0
"C17292","H08",37.9,"M",93,126,0
"C47460","H01",47.3,"M",95,152,0
"C35975","H13",16.7,"F",95,133,0
"C94087","H12",6.1,"F",90,124,0
"C79666","H01",19.7,"F",94,162,0
"C24219","H13",27.2,"F",97,143,0
"C33574","H14",34.7,"F",94,133,0
"C36983","H13",27.3,"M",97,133,0
"C46936","H14",6,"M",999,156,0
"C11773","H05",7.2,"F",77,137,0
"C58652","H10",17.4,"F",87,11.9,0
"C99869","H14",30.1,"M",73,136,0
"C16270","H03",9.7,"F",98,154,0
"C75010","H10",32.2,"F",94,15.3,0
"C65180","H12",47.3,"M",73,129,0
"C17568","H07",23.6,"F",95,129,0
"C42496","H02",11.3,"M",95,131,0
"C98560","H04",16.2,"M",94,164,0
"C75457","H10",32.4,"M",98,14.3,0
"C21005","H07",2.1,"F",88,139,1
"C37568","H01",41.8,"F",92,152,0
"C93436","H13",2.5,"F",94,130,0
"C42952","H03",17.2,"M",77,121,0
"C28667","H04",18.9,"F",94,159,0
"C27454","H03",15.1,"M",74,147,0
"C21724","H13",18.7,"F",87,126,0
"C96069","H14",49.5,"M",87,135,0
"C92630","H08",19.1,"M",72,151,0
"C53593","H12",5.9,"M",95,122,0
"C58513","H01",38.3,"M",92,146,0
"C46112","H02",30.2,"F",95,142,0
"C67518","H14",39,"M",999,143,0
"C44544","H05",15,"F",95,140,0
"C19457","H13",10.4,"F",76,122,0
"C18223","H13",25.5,"M",77,124,0
"C68605","H14",14.9,"M",94,142,0
"C58785","H14",11.6,"M",84,145,0
"C12408","H05",11.2,"F",96,129,0
"C20761","H03",9.3,"F",96,146,0
"C36932","H04",36.5,"M",94,145,0
"C85950","H03",16.3,"F",80,132,0
"C34703","H13",34.3,"F",95,135,0
"C47749","H05",30.3,"F",90,137,0
"C26506","H03",36.7,"F",97,130,0
"C65270","H14",11.9,"M",99,153,0
"C58073","H03",19.6,"F",91,123,0
"C67554","H12",16.3,"F",94,126,0
"C96440","H14",37.2,"F",93,146,0
"C26411","H03",13.6,"M",93,135,0
"C85849","H04",8.7,"M",94,144,0
"C80055","H05",7,"M",77,168,0
"C87121","H05",7.4,"M",98,122,0
"C19942","H12",2.2,"M",94,121,0
"C27394","H07",39.3,"F",100,136,0
"C65953","H07",41.8,"M",79,152,0
"C58780","H03",10,"F",98,156,0
"C16979","H03",15.6,"M",92,127,0
"C92860","H06",13.4,"M",82,165,1
"C67754","H12",34.6,"M",99,142,0
"C28236","H03",21.2,"M",92,129,0
"C94561","H02",39.1,"F",77,149,0
"C16830","H07",20.4,"M",97,151,0
"C39293","H05",10.4,"M",95,142,0
"C79900","H05",14.8,"F",100,144,0
"C98450","H02",8.9,"M",93,147,0
"C19342","H14",26.8,"M",75,126,0
"C34641","H03",20.6,"M",96,130,0
"C59362","H13",34.5,"M",73,162,0
"C32447","H10",21.5,"F",93,13.3,0
"C85406","H09",18.2,"M",93,148,0
"C46797","H13",29.7,"F",90,133,0
"C37786","H13",17.7,"M",81,143,0
"C47367","H14",4.3,"M",93,133,0
"C13552","H09",10.7,"F",75,139,0
"C75114","H07",12,"F",94,145,0
"C18829","H12",19.3,"M",95,123,1
"C61553","H10",12,"F",97,13.3,0
"C79006","H03",32,"M",93,136,1
"C46760","H13",43.4,"M",94,128,0
"C91328","H03",29.6,"M",98,143,0
"C54655","H12",16.8,"F",93,147,0
"C39725","H07",4,"M",96,128,0
"C86935","H07",13,"M",96,133,0
"C35117","H02",37.2,"M",96,150,1
"C58761","H14",3.8,"F",95,141,0
"C51741","H13",22.1,"F",95,143,0
"C99785","H09",22.8,"F",85,156,0
"C89508","H03",23,"F",95,143,0
"C62350","H09",14.4,"M",96,147,0
"C44987","H07",23.8,"F",95,124,0
"C13167","H03",48.2,"M",96,138,0
"C34393","H05",11.3,"M",95,130,0
"C42636","H08",10.3,"F",96,128,0
"C23245","H03",7.5,"F",85,154,0
"C13258","H03",10.1,"F",74,119,0
"C12387","H02",6.4,"M",95,150,0
"C47996","H03",26.1,"M",999,136,0
"C92351","H11",8.1,"M",80,122,1
"C99877","H13",42.9,"M",98,132,0
"C27698","H03",35.6,"M",97,131,0
"C54486","H04",36.7,"M",93,145,0
"C77167","H09",12.9,"M",96,131,0
"C35605","H03",23,"F",94,160,0
"C81849","H03",40.6,"F",94,147,0
"C41972","H07",4.4,"F",84,139,0
"C34745","H10",5.4,"F",90,16.4,0
"C47509","H04",40,"M",94,136,0
"C64812","H05",13.8,"M",98,140,0
"C14280","H09",12.9,"M",84,162,0
"C60076","H01",17.2,"M",94,146,0
"C39598","H13",26.5,"M",92,142,0
"C24637","H13",13.4,"F",96,139,0
"C91169","H05",7.7,"M",96,151,0
"C35915","H07",38,"M",98,150,0
"C27576","H07",22.3,"M",81,115,0
"C19554","H02",12.1,"M",73,119,1
"C41624","H11",7.1,"F",95,138,0
"C91677","H07",17.2,"M",97,138,0
"C20010","H03",15.7,"F",88,141,0
"C84795","H03",4,"F",93,163,0
"C18360","H03",13.5,"M",95,163,0
"C40175","H03",8.5,"M",99,119,0
"C62053","H03",11.9,"M",92,136,0
"C76818","H10",22.9,"M",82,13.1,0
"C97978","H13",37.4,"F",96,158,0
"C21769","H14",30.2,"F",97,141,0
"C96951","H11",26.3,"M",87,133,0
"C73743","H10",7.5,"M",82,16.8,0
"C40604","H07",15,"F",999,133,0
"C68201","H08",44.5,"M",92,143,0
"C12922","H03",15.1,"F",77,136,0
"C57376","H03",25.2,"F",97,141,0
"C75796","H01",10.6,"M",98,136,0
"C40855","H02",9.8,"M",92,115,0
"C82119","H12",17.4,"M",96,139,0
"C18820","H07",34.6,"F",94,140,0
"C84044","H07",30.7,"F",74,137,0
"C44009","H03",5.7,"M",96,157,0
"C63537","H03",16.8,"M",94,149,0
"C59395","H13",8.1,"F",90,125,0
"C47702","H01",20.5,"M",73,135,1
"C90587","H03",21.1,"M",79,148,0
"C15900","H13",38.1,"F",85,143,0
"C12195","H10",13.6,"F",94,15.2,0
"C96358","H07",22.7,"M",81,137,0
"C40326","H05",15,"F",94,132,0
"C28849","H03",14.5,"F",77,158,0
"C84206","H13",18.8,"M",96,126,0
"C43641","H07",30.4,"M",77,140,0
"C39327","H13",14.5,"M",97,140,0
"C51712","H14",6.4,"M",92,139,0
"C31897","H02",22.2,"F",85,142,1
"C40483","H07",36.7,"F",93,140,0
"C88647","H14",34.6,"M",95,141,0
"C60759","H07",47.1,"M",98,146,0
"C67873","H05",14.6,"F",78,138,0
"C39586","H07",12.9,"F",99,131,0
"C56807","H09",9.2,"M",99,139,0
"C55155","H05",12.3,"M",90,122,0
"C31795","H03",50,"F",92,144,0
"C76877","H02",6.9,"F",98,146,1
"C78830","H13",20.6,"F",94,150,0
"C49917","H12",53.9,"F",95,131,0
"C97381","H08",2.2,"M",96,119,1
"C97902","H07",29.3,"M",98,137,0
"C42522","H13",32.2,"M",93,161,0
"C72511","H09",39,"F",78,125,0
"C45191","H03",4.4,"M",93,140,0
"C29850","H03",38.7,"F",86,136,0
"C33534","H04",5.1,"F",95,139,0
"C50109","H02",8.3,"F",93,138,0
"C78349","H03",21.9,"M",93,139,0
"C44564","H08",10.5,"M",77,148,1
"C89610","H01",2.4,"M",93,153,0
"C21622","H10",11.6,"M",98,13.5,0
"C78754","H10",17.1,"F",96,13.7,0
"C85215","H07",17.7,"M",89,148,0
"C46021","H12",9.3,"M",96,147,0
"C34456","H08",13.4,"M",95,129,0
"C62712","H03",23.3,"F",999,149,0
"C18056","H13",45.5,"F",92,136,0
"C40627","H03",6.6,"M",98,118,0
"C39239","H07",21.5,"M",84,158,0
"C16473","H09",22.9,"F",93,133,0
"C76706","H07",17.2,"M",89,140,0
"C74542","H14",34.3,"M",93,146,0
"C66708","H03",19.9,"M",94,134,0
"C28108","H07",10.7,"M",93,120,0
"C55424","H10",9,"M",97,13.4,0
"C59095","H10",38.8,"F",91,14,0
"C23979","H03",3.1,"F",96,134,0
"C42158","H02",14.4,"F",97,126,0
"C13989","H03",14.6,"F",84,148,0
"C87680","H09",20,"M",74,121,0
"C38865","H07",27.8,"F",85,122,0
"C26688","H08",13.7,"F",94,146,0
"C98635","H01",15.7,"M",86,143,0
"C98662","H07",2.3,"M",94,156,1
"C43889","H08",25.5,"F",96,139,0
"C41071","H11",24.1,"F",999,145,0
"C48775","H02",34.6,"M",94,132,0
"C88890","H12",24,"M",94,120,0
"C24903","H04",25.6,"M",93,117,0
"C47762","H05",12.5,"M",94,136,0
"C28055","H03",29.3,"M",94,137,0
"C35350","H11",13.6,"M",93,136,0
"C71510","H08",29.2,"F",80,127,0
"C75937","H13",30.7,"F",92,119,0
"C78229","H04",28.2,"M",96,125,0
"C62522","H12",23.6,"F",81,143,0
"C85491","H04",18.3,"F",92,137,0
"C84818","H11",46.2,"F",92,156,0
"C35020","H04",12.9,"M",95,134,0
"C68809","H03",28,"M",96,136,0
"C19251","H09",23.8,"F",73,125,0
"C20698","H03",16.9,"M",93,142,1
"C83664","H07",11.2,"F",97,145,0
"C19168","H03",25,"M",99,136,0
"C98426","H03",26.6,"F",97,129,0
"C42182","H03",15.7,"F",75,166,0
"C70799","H07",5,"M",94,132,0
"C74068","H04",9.6,"F",94,137,1
"C19373","H07",16,"F",99,120,0
"C36173","H07",33.5,"F",96,128,0
"C48323","H01",31.6,"M",75,142,1
"C70247","H13",24.7,"M",74,135,0
"C28840","H08",20,"M",77,138,0
"C53042","H03",41.6,"F",93,138,0
"C73863","H07",7.6,"F",98,133,1
"C74825","H14",22.3,"F",91,134,0
"C81072","H03",30.6,"F",98,134,0
"C86502","H08",26.6,"F",81,124,0
"C23555","H07",41.2,"M",76,151,0
"C72585","H08",5.8,"M",96,152,0
"C92042","H13",9.4,"M",84,124,0
"C47830","H03",6.9,"M",78,131,1
"C39209","H03",29.3,"F",92,127,0
"C68472","H08",2.6,"M",97,129,0
"C78366","H05",17.3,"F",96,116,0
"C13798","H10",17.8,"F",100,11.9,0
"C96602","H13",22.8,"F",97,121,0
"C79872","H03",34.6,"M",91,148,0
"C63017","H07",20.8,"M",98,146,0
"C46961","H07",7.1,"F",96,124,0
"C57503","H10",16.2,"F",94,14.2,0
"C29927","H12",9,"F",95,125,0
"C41859","H03",3.9,"F",97,145,0
"C12252","H03",32.4,"M",94,151,0
"C80400","H02",3.7,"F",88,153,0
"C95104","H07",26.4,"M",88,134,0
"C28209","H07",20,"F",90,138,0
"C19007","H07",17.8,"F",84,155,0
"C70714","H13",14.9,"F",93,131,0
"C16916","H08",7.6,"F",92,132,0
"C75573","H14",6.7,"F",85,148,0
"C36547","H03",4.1,"F",96,132,0
"C25775","H03",47.8,"F",93,146,0
"C25249","H10",15.5,"F",81,15.1,1
"C39412","H14",12,"M",100,133,0
"C90538","H07",15.6,"M",72,142,0
"C91079","H04",13.8,"M",95,149,0
"C82135","H12",20.5,"F",78,145,0
"C80313","H11",11.3,"M",97,146,0
"C80121","H05",10.3,"M",85,139,0
"C95972","H04",40.8,"M",94,137,0
"C58902","H03",16.9,"M",77,156,0
"C92903","H03",4.2,"M",93,150,0
"C18251","H13",19,"M",93,137,0
"C34401","H05",21,"F",99,157,0
"C39708","H01",16.6,"M",98,145,0
"C35719","H13",4.5,"M",98,132,0
"C21299","H12",28.2,"M",90,145,0
"C65985","H03",46.4,"M",95,140,0
"C52506","H11",12.4,"M",94,126,0
"C33094","H05",16,"F",96,136,0
"C62543","H07",4.9,"M",73,136,0
"C95863","H05",25.7,"F",76,143,0
"C78404","H01",25.4,"M",85,143,0
"C64166","H03",14.8,"F",100,134,0
"C78063","H08",22,"F",100,133,0
"C68286","H10",30.3,"M",999,14.6,0
"C83417","H07",8.7,"M",97,129,0
"C63110","H03",38.2,"F",94,133,0
"C28385","H08",25.5,"M",89,131,0
"C24950","H13",4.4,"F",93,130,0
"C45644","H07",5.8,"F",78,152,0
"C51708","H09",29.7,"F",94,122,0
"C33880","H07",14.1,"F",90,152,1
"C71113","H09",14.7,"M",96,122,0
"C54022","H08",5.2,"M",98,153,0
"C68491","H03",14.9,"F",96,119,0
"C41980","H07",6.6,"M",97,130,0
"C50578","H03",20.4,"M",96,145,0
"C22259","H07",14.6,"M",79,149,0
"C93887","H09",49.6,"F",96,137,0
"C52566","H07",17.6,"M",97,152,0
"C88561","H10",25.7,"F",84,13.9,0
"C98418","H05",31.4,"M",99,122,0
"C57210","H03",13.1,"F",93,138,0
"C78055","H10",31.3,"F",96,14.9,0
"C56808","H03",32.1,"F",96,155,0
"C46820","H02",10.5,"F",95,126,0
"C20804","H05",34.9,"M",96,140,0
"C57856","H03",5.9,"F",93,135,0
"C70235","H12",24.6,"M",999,139,0
"C27786","H13",43.9,"F",92,133,0
"C85607","H12",10.1,"F",94,132,0
"C53520","H03",7.9,"F",94,127,0
"C36113","H04",38,"M",97,162,0
"C39918","H04",4.1,"F",93,141,0
"C40582","H10",15.9,"M",95,15.1,0
"C28632","H03",17.9,"M",75,148,0
"C39052","H13",16.5,"M",96,153,0
"C52773","H03",19.2,"M",75,133,0
"C35590","H13",2.4,"F",94,119,0
"C88503","H09",38.9,"M",96,150,0
"C49289","H03",8.1,"M",75,150,0
"C29055","H10",18,"M",94,14.8,0
"C92137","H11",30,"F",97,136,0
"C10874","H01",43.4,"F",94,138,0
"C80883","H07",13.1,"M",96,153,0
"C47908","H14",20.6,"M",96,114,1
"C80172","H03",3.5,"M",95,138,0
"C72444","H10",21.1,"M",94,13.5,0
"C15768","H03",19.4,"M",97,121,0
"C67974","H13",2.4,"M",83,145,0
"C15876","H11",21.1,"M",97,152,0
"C98705","H03",38.1,"F",94,144,0
"C29998","H03",37.5,"M",97,148,0
"C73738","H13",30.4,"F",96,125,0
"C37832","H08",20.6,"M",94,152,0
"C14427","H03",54.9,"M",93,140,0
"C79238","H03",41.4,"F",88,138,1
"C76654","H02",23.6,"F",86,143,0
"C15595","H02",27.7,"F",94,125,0
"C94499","H10",27,"M",94,14.6,0
"C36119","H14",38.1,"M",90,134,0
"C12682","H14",24.4,"F",96,147,0
"C23233","H08",40.8,"F",94,128,0
"C39165","H11",31.2,"F",96,118,0
"C33868","H05",4.7,"M",100,162,0
"C29979","H13",10.3,"M",96,126,0
"C20817","H13",51.9,"F",92,140,0
"C97964","H07",29.8,"F",84,146,0
"C78660","H08",17.7,"F",97,145,0
"C88696","H03",18.4,"M",85,132,1
"C45987","H03",33.8,"M",76,131,0
"C77096","H14",26.3,"M",95,129,0
"C35669","H07",8.6,"M",74,155,0
"C85940","H03",10.8,"F",98,132,0
"C85531","H10",25.5,"M",98,12.6,0
"C16661","H03",15.9,"M",95,151,0
"C50670","H14",13.8,"M",94,146,0
"C97094","H10",10.7,"F",99,14.1,0
"C36093","H09",11.9,"M",88,131,0
"C64603","H01",46.7,"F",75,122,1
"C79373","H13",42.2,"F",94,134,0
"C26015","H03",20.4,"M",88,136,0
"C85256","H01",13.8,"M",99,148,0
"C10455","H03",12.3,"M",90,129,0
"C78821","H03",5,"M",93,124,0
"C24862","H02",44.8,"M",94,143,0
"C25831","H07",11,"F",75,145,0
"C33180","H07",16.8,"F",89,168,0
"C63280","H13",16,"M",97,141,0
"C78157","H07",11.2,"F",77,135,1
"C83388","H13",13.3,"M",96,140,0
"C55319","H07",4.7,"F",91,141,0
"C60029","H07",42.5,"F",75,133,0
"C47617","H01",5.4,"M",98,135,0
"C41779","H13",57.4,"M",97,136,0
"C81623","H07",51,"M",97,150,0
"C32157","H04",5.7,"F",96,117,0
"C39767","H04",24.7,"M",95,122,0
"C88785","H14",37,"M",85,128,0
"C35089","H07",2.5,"M",88,162,1
"C33121","H03",3.8,"M",96,135,0
"C11670","H03",6.6,"F",82,148,1
"C24686","H05",41.9,"F",79,152,0
"C67303","H02",11.1,"F",93,147,0
"C58585","H07",21.9,"F",98,154,0
"C45566","H08",5.5,"M",96,134,0
"C14545","H03",29.3,"M",97,151,0
"C69952","H07",4.6,"F",92,136,0
"C42650","H05",12.1,"F",95,153,0
"C41913","H03",12.3,"M",85,136,0
"C49809","H07",5.2,"F",91,132,0
"C24641","H09",43.2,"M",93,130,0
"C55087","H08",5.4,"M",96,141,0
"C97092","H07",12.3,"M",95,119,1
"C15376","H01",37.6,"F",92,127,0
"C69797","H12",5.8,"M",95,144,0
"C85320","H11",24.4,"F",93,130,0
"C22473","H13",23.5,"M",95,141,0
"C13726","H02",3.4,"M",99,129,0
"C77467","H13",17.8,"F",98,140,0
"C46656","H05",16.5,"F",93,126,0
"C83642","H04",50,"F",72,120,0
"C44142","H12",8.1,"F",73,132,1
"C70474","H10",33.9,"M",97,12.3,0
"C55647","H03",23.3,"F",91,126,0
"C62679","H07",36.8,"M",81,144,0
"C43640","H08",20.5,"M",81,145,0
"C57566","H11",47.5,"M",97,123,0
"C12044","H02",32.9,"F",89,145,0
"C29341","H01",11.9,"F",94,144,0
"C18542","H12",23.7,"M",95,143,0
"C51199","H03",45.7,"M",94,147,1
"C38492","H02",6,"M",94,151,0
"C40060","H05",5.5,"F",96,151,0
"C14971","H08",19,"F",84,146,0
"C98962","H12",23.3,"M",88,129,0
"C54830","H14",35.3,"M",75,113,1
"C32642","H05",22.3,"F",95,129,0
"C41956","H11",11.5,"F",73,119,0
"C30730","H02",26.3,"M",96,145,0
"C41812","H05",50.8,"F",94,164,0
"C33410","H02",51.6,"F",96,145,0
"C17436","H10",25.5,"F",93,14.8,0
"C67584","H05",48.6,"M",95,147,0
"C72413","H08",22.9,"M",99,119,0
"C91262","H09",18.1,"M",96,140,0
"C42961","H03",9.2,"M",87,149,0
"C62779","H07",16.5,"F",97,139,0
"C81970","H09",17.8,"F",96,154,0
"C70499","H07",27.8,"M",94,118,0
"C83674","H02",42.3,"F",98,147,0
"C69054","H08",8.5,"M",92,142,0
"C15835","H03",22,"M",100,146,0
"C63230","H07",14.2,"M",83,146,0
"C45292","H03",17.9,"M",93,123,0
"C18813","H09",27.2,"M",91,165,0
"C60327","H05",10.9,"F",91,145,0
"C11207","H03",9.4,"M",85,130,0
"C44015","H03",19,"F",84,152,0
"C96758","H07",26.8,"F",90,134,0
"C85937","H14",9.5,"F",94,138,0
"C96806","H09",43.1,"M",96,135,0
"C67150","H07",22.1,"F",74,140,1
"C15116","H09",5,"F",94,153,0
"C92226","H03",42.4,"F",74,123,0
"C76480","H03",17.4,"F",100,131,0
"C40833","H03",9,"M",99,131,0
"C74868","H01",3.6,"F",99,122,1
"C88549","H09",16.7,"F",999,134,0
"C81706","H07",16.9,"M",93,141,0
"C64959","H04",12.4,"M",76,129,0
"C54050","H03",20.4,"M",88,140,0
"C80779","H07",10.7,"M",88,143,0
"C18392","H08",7.6,"M",91,150,0
"C66945","H14",29.6,"F",72,151,0
"C34290","H08",27.9,"M",93,133,0
"C25522","H05",6.6,"M",98,148,0
"C10065","H03",2.8,"F",98,128,0
"C93375","H05",8.2,"M",75,136,0
"C78862","H07",15.7,"M",93,147,0
"C32659","H08",32.6,"M",97,133,0
"C41328","H07",5.3,"F",83,131,0
"C44967","H13",12.6,"M",95,118,0
"C29169","H08",21.1,"F",97,129,0
"C17966","H07",23.9,"F",99,131,0
"C83602","H03",20,"F",98,133,0
"C90142","H07",16,"F",92,136,0
"C39148","H10",6.9,"M",92,13,0
"C82793","H05",17.7,"M",96,130,0
"C40615","H07",10.2,"F",93,134,0
"C79182","H09",11.1,"F",92,131,0
"C95395","H02",3.5,"M",999,146,0
"C19208","H07",23.3,"F",97,154,0
"C12396","H03",8.5,"M",95,140,0
"C68264","H14",36,"F",73,123,0
"C44134","H05",24.3,"F",94,134,0
"C18499","H03",22.6,"M",87,137,0
"C23693","H03",11.2,"F",94,134,1
"C98944","H05",7.8,"M",95,126,0
"C98548","H01",2.7,"F",93,129,0
"C97107","H13",48.5,"F",97,171,0
"C60848","H03",10.7,"F",86,138,0
"C94837","H05",19.8,"M",82,120,0
"C40040","H03",14.2,"F",93,141,0
"C85411","H02",13.4,"F",76,156,0
"C36856","H07",24.5,"F",95,134,0
"C56605","H03",20.8,"F",91,119,0
"C40787","H03",34.1,"M",99,135,0
"C83636","H03",12.9,"F",92,124,0
"C41538","H11",29.8,"M",95,123,0
"C17151","H03",11,"F",75,161,0
"C82243","H09",25.8,"M",96,149,0
"C97142","H13",23.6,"F",88,134,0
"C78541","H03",19.7,"F",97,110,1
"C36670","H03",31.3,"F",81,142,0
"C82058","H11",11.8,"F",96,143,0
"C27692","H14",16.8,"F",85,120,0
"C49812","H08",32.3,"F",92,135,0
"C74021","H07",28.5,"F",97,144,0
"C12109","H01",20,"M",97,165,0
"C35612","H14",37.4,"F",95,152,0
"C73174","H07",14,"F",87,142,1
"C89626","H12",42.3,"F",95,143,0
"C50678","H07",15,"M",87,160,0
"C36180","H10",13,"M",93,14.9,1
"C61145","H03",13.9,"M",85,152,0
"C69379","H01",58,"F",95,128,0
"C91768","H14",23.4,"F",96,145,0
"C59503","H03",9.1,"F",95,122,0
"C76203","H07",16.6,"F",79,136,1
"C23354","H10",28.9,"F",80,15.1,0
"C13035","H08",41,"M",91,141,0
"C32833","H03",11.8,"F",89,141,0
"C20863","H14",31.7,"F",90,124,0
"C47269","H03",33.6,"M",79,138,0
"C16118","H09",39.1,"M",96,127,0
"C54581","H03",19.4,"M",94,146,0
"C18429","H13",15.7,"F",80,136,0
"C78878","H05",6.2,"F",82,143,1
"C78460","H03",31.4,"M",82,129,0
"C34489","H05",8.3,"F",98,152,0
"C83275","H07",34,"M",76,129,0
"C38071","H07",34,"F",97,125,0
"C93485","H13",15.3,"M",98,159,0
"C18088","H07",24.6,"F",80,150,0
"C70543","H10",16.5,"M",99,12.5,0
"C52899","H07",8.9,"M",96,125,0
"C14680","H13",14.9,"F",100,160,0
"C21994","H07",40.9,"M",94,130,0
"C99001","H07",12.7,"M",76,129,1
"C61410","H13",18.4,"F",96,129,0
"C55079","H12",19.5,"M",92,171,0
"C12632","H07",16.3,"M",91,142,0
"C82009","H01",32.8,"F",94,140,0
"C84054","H03",4.7,"F",76,144,0
"C22094","H03",9.2,"M",999,128,0
"C76014","H02",19.9,"M",97,147,1
"C54170","H13",9.4,"F",92,135,0
"C13021","H09",30.9,"F",94,134,0
"C55628","H01",27.3,"F",96,135,0
"C90308","H03",16.2,"F",79,142,0
"C42144","H01",9.3,"F",100,145,0
"C74758","H03",21.1,"M",73,149,0
"C39946","H05",30.1,"F",96,116,0
"C11971","H13",17.3,"M",83,150,0
"C57303","H01",25.6,"F",999,149,0
"C39568","H07",37.4,"F",97,144,0
"C80738","H10",9.2,"M",93,13.2,0
"C45521","H06",45.9,"M",97,128,0
"C60628","H13",11.2,"M",86,134,0
"C93651","H12",32.3,"F",95,133,0
"C64194","H02",17.1,"M",93,142,0
"C85384","H03",41,"F",94,167,0
"C48362","H02",26.3,"F",92,139,0
"C89448","H12",9.4,"M",95,130,0
"C91158","H09",14,"M",94,132,0
"C95647","H07",25.9,"M",87,126,0
"C65907","H07",7.7,"M",85,124,0
"C68720","H03",26.2,"F",999,135,0
"C42061","H01",16.7,"F",98,118,0
"C41482","H08",11.4,"F",100,140,0
"C25324","H02",37.1,"M",94,148,0
"C30308","H13",40.7,"F",95,158,0
"C82758","H05",13,"M",95,147,0
"C29104","H12",35.1,"M",97,138,0
"C87052","H08",42.7,"M",76,131,0
"C55342","H03",5,"F",95,148,0
"C72853","H05",3.2,"F",78,157,0
"C18004","H13",18.7,"F",92,146,0
"C87317","H12",17,"F",99,147,0
"C73612","H05",22.9,"F",92,171,0
"C86439","H03",9.5,"M",79,131,0
"C63891","H03",17.3,"M",82,152,1
"C75129","H08",55.1,"F",76,125,0
"C76878","H13",28.9,"M",84,131,0
"C90343","H07",26.3,"F",89,136,1
"C86643","H04",33.2,"M",100,146,0
"C86911","H07",37.4,"F",91,152,0
"C21033","H07",30.1,"F",94,134,0
"C77400","H05",39.2,"F",82,154,1
"C65806","H11",2.6,"M",92,145,0
"C10092","H09",15.7,"F",93,125,0
"C10087","H07",16.7,"M",100,144,0
"C42851","H12",20.8,"F",92,134,0
"C15546","H03",16,"F",98,124,1
"C79892","H12",22.5,"M",76,135,0
"C12434","H14",20.4,"F",88,117,0
"C49961","H12",2.5,"F",93,131,0
"C84135","H07",19,"M",97,135,0
"C65457","H13",28.6,"F",94,120,0
"C48917","H14",13.1,"F",999,135,1
"C97219","H07",35.1,"M",999,133,0
"C69343","H03",22.5,"F",91,137,0
"C39372","H03",23.8,"F",79,153,1
"C81839","H05",30.2,"F",98,142,0
"C92001","H14",2.6,"F",99,136,0
"C33315","H03",13.9,"M",999,157,0
"C70050","H03",19.4,"M",97,133,0
"C40807","H14",29.6,"M",91,142,0
"C14107","H03",14.5,"M",92,143,0
"C52572","H03",29.8,"F",88,152,1
"C31072","H03",16.7,"M",90,136,0
"C45557","H12",42.1,"F",95,144,0
"C50359","H12",43.8,"F",90,121,0
"C59923","H03",24,"M",98,147,1
"C90985","H07",47.9,"F",95,129,0
"C26368","H13",2.8,"M",97,132,0
"C14970","H07",18.7,"F",94,141,0
"C17802","H09",27.7,"F",93,116,0
"C73143","H14",7.4,"F",93,130,0
"C72826","H09",11.4,"M",97,149,0
"C16310","H03",35,"M",93,145,0
"C56372","H05",7.6,"M",97,165,0
"C33339","H11",7.8,"F",100,137,0
"C46723","H07",21.1,"F",999,140,0
"C91357","H08",31.3,"F",100,140,0
"C50691","H14",15.6,"F",95,151,0
"C48587","H12",26.5,"M",96,142,0
"C70381","H09",13.2,"M",78,153,0
"C49558","H10",32.7,"F",99,12.3,0
"C36686","H07",39.2,"F",98,130,0
"C97894","H03",54.2,"F",84,128,0
"C82033","H05",14.2,"M",90,119,0
"C82337","H07",43.7,"F",95,138,0
"C83880","H03",8.1,"F",95,162,0
"C10495","H07",2.3,"M",97,150,0
"C74900","H12",11.8,"M",97,120,0
"C73018","H05",25.9,"F",86,143,0
"C72317","H10",28.1,"M",95,13.3,0
"C72126","H14",13.9,"F",94,121,0
"C74095","H04",8.5,"F",97,153,0
"C77245","H12",32.6,"M",92,145,0
"C11558","H05",24.2,"M",96,128,0
"C19497","H03",29.5,"F",87,167,1
"C70597","H11",10.7,"F",96,138,0
"C70426","H07",34.6,"F",91,138,0
"C16343","H03",9.3,"M",94,115,0
"C97475","H02",2.8,"M",76,144,0
"C19427","H14",10.8,"F",78,126,0
"C97729","H07",43.2,"F",93,125,0
"C27625","H07",23.7,"M",72,147,0
"C78535","H13",47.8,"M",98,174,0
"C98465","H07",47.4,"F",96,156,0
"C66211","H12",13.5,"F",95,151,0
"C43438","H03",35.7,"F",90,162,0
"C34958","H02",9.5,"M",95,147,0
"C44457","H02",8,"F",94,139,0
"C77284","H01",2.5,"M",95,139,0
"C40707","H13",8.5,"F",97,118,0
"C93993","H13",14,"M",75,154,0
"C86073","H08",39.3,"M",82,133,0
"C32880","H10",7,"M",97,13.9,0
"C83299","H11",5.3,"F",96,128,0
"C37392","H07",19.8,"M",78,141,0
"C25996","H14",7.7,"M",87,143,0
"C47135","H03",19.5,"M",82,130,0
"C81407","H07",13.9,"M",95,139,0
"C73988","H14",9.4,"M",98,140,0
"C10763","H03",23.8,"M",83,154,1
"C46053","H11",18.2,"M",93,138,0
"C22648","H07",3,"M",87,138,0
"C88775","H10",6.2,"F",83,13.5,0
"C94773","H13",17.9,"F",76,121,0
"C58207","H02",17.3,"F",86,150,0
"C38036","H09",11,"F",98,121,0
"C75206","H04",21,"F",96,119,0
"C54883","H03",9.3,"M",77,124,0
"C26002","H01",16.3,"M",99,143,0
"C48458","H14",18.8,"M",92,157,0
"C97108","H02",19.6,"F",97,147,0
"C64203","H05",6.4,"M",95,142,0
"C73797","H07",12.8,"F",85,148,0
"C50246","H07",4.9,"M",88,150,0
"C70345","H03",4.3,"M",99,125,0
"C89106","H05",14.5,"F",97,116,0
"C85768","H07",49,"M",78,143,0
"C82618","H05",12.9,"M",84,151,0
"C80396","H04",16.6,"M",75,133,1
"C89362","H13",15.4,"F",93,129,0
"C43004","H03",2.4,"F",96,152,0
"C60638","H05",23.3,"M",99,131,0
"C51668","H09",32,"F",96,117,1
"C34360","H03",2.1,"M",85,143,1
"C11763","H03",32.4,"F",95,126,0
"C21787","H03",28.5,"F",96,151,0
"C21491","H03",3.9,"F",98,133,0
"C10272","H08",4.2,"F",93,157,0
"C76315","H07",18.5,"F",100,130,1
"C17497","H13",35.6,"F",92,122,0
"C72456","H07",29.6,"M",95,142,0
"C15570","H07",3.9,"M",88,144,0
"C93902","H07",20.5,"M",96,148,0
"C34912","H03",2.7,"F",95,141,1
"C19259","H03",6.6,"M",95,138,0
"C43048","H09",12.3,"F",96,154,0
"C21587","H09",16.4,"M",97,127,0
"C95872","H06",31.6,"M",79,145,0
"C37158","H03",17.1,"F",999,145,1
"C95549","H04",16.6,"F",86,179,0
"C89846","H05",3.6,"F",84,145,0
"C15524","H03",28.2,"M",999,151,0
"C82549","H09",20.8,"F",95,135,0
"C46245","H05",3.9,"M",91,138,0
"C79646","H02",3,"F",93,118,0
"C58316","H04",8.4,"F",98,131,0
"C25680","H13",24.1,"M",93,124,0
"C74094","H14",22.2,"F",94,135,0
"C31758","H07",10.9,"M",92,135,0
"C70929","H05",6.2,"F",94,115,0
"C95596","H03",19,"M",96,159,0
"C97348","H07",14,"F",83,114,1
"C16684","H13",5.3,"M",96,128,0
"C99162","H14",18.6,"M",80,138,0
"C10684","H07",5.2,"M",86,133,0
"C82655","H02",7.5,"M",95,134,0
"C32124","H09",33.1,"M",97,149,0
"C50156","H07",30,"M",999,130,0
"C75797","H07",42.6,"M",92,149,0
"C49296","H10",16.8,"M",82,14.2,1
"C66322","H03",8.2,"M",94,137,0
"C23352","H07",8.9,"F",99,149,0
"C52211","H03",25.9,"F",75,155,0
"C58142","H12",16.3,"F",92,118,0
"C89933","H05",44.9,"M",73,143,0
"C18860","H03",48.4,"F",94,121,0
"C19645","H08",16.7,"M",93,132,0
"C92555","H05",24.7,"F",94,158,0
"C75344","H13",38.1,"M",93,139,0
"C42715","H03",10.5,"F",88,139,0
"C21546","H03",30.6,"M",85,122,0
"C49942","H09",20.7,"F",94,148,0
"C16669","H14",27.1,"M",97,122,0
"C23744","H05",13,"M",95,139,0
"C48182","H13",6.9,"M",86,126,0
"C71392","H12",21.1,"M",93,150,0
"C77760","H14",54.6,"M",94,136,0
"C20343","H03",15.8,"M",98,150,0
"C60257","H14",11.8,"M",93,127,0
"C25578","H07",23.8,"F",97,124,0
"C65520","H07",15.6,"M",79,154,0
"C55850","H07",41.5,"F",95,138,0
"C86751","H14",15.2,"F",97,151,0
"C89510","H12",14.7,"F",97,128,0
"C39454","H10",49,"F",92,13.6,0
"C54181","H03",14.4,"M",96,138,0
"C21486","H09",16.4,"F",93,140,0
"C44028","H14",29.1,"M",93,125,0
"C10322","H12",17.5,"M",97,132,0
"C20796","H08",13,"F",94,153,0
"C38588","H12",37.1,"F",74,124,0
"C99863","H10",15.9,"M",92,12,0
